column,dtype,non_null_count,non_null_pct,missing_count,missing_pct,n_unique,is_constant,zero_pct,first_non_null_date,last_non_null_date,coverage_span_days,coverage_within_span_pct,example_values,min,p05,p25,median,p75,p95,max,mean,std,inferred_unit,inferred_group,notes,used_in_quality,used_in_eda,candidate_model_feature,analysis_priority
calendarDate,datetime64[us],677,100.0,0,0.0,677,False,,2023-05-26,2026-05-18,1089,100.0,"[""2023-05-26T00:00:00"", ""2023-05-27T00:00:00"", ""2023-05-28T00:00:00"", ""2023-05-29T00:00:00"", ""2023-05-30T00:00:00""]",,,,,,,,,,,timestamps,,False,False,False,low
totalSteps,Int64,641,94.6824224519941,36,5.317577548005908,625,False,0.0,2023-05-26,2026-05-18,1089,94.6824224519941,"[1096, 20915, 5935, 17593, 9212]",9.0,337.0,2913.0,5812.0,9919.0,16973.0,46718.0,6951.059282371295,5535.420562690347,,steps_distance,,True,True,True,high
totalDistanceMeters,Int64,641,94.6824224519941,36,5.317577548005908,624,False,0.0,2023-05-26,2026-05-18,1089,94.6824224519941,"[863, 17337, 5044, 14366, 7196]",7.0,265.0,2205.0,4530.0,7825.0,13052.0,35155.0,5449.717628705148,4316.880762608503,Meters,steps_distance,,False,True,True,high
activeKilocalories,Int64,677,100.0,0,0.0,446,False,7.0901033973412115,2023-05-26,2026-05-18,1089,100.0,"[199, 792, 698, 593, 351]",0.0,0.0,113.0,286.0,517.0,873.7999999999977,2544.0,353.38257016248156,317.04514992694817,Kilocalories,calories,,False,True,True,high
bmrKilocalories,Int64,677,100.0,0,0.0,104,False,0.0,2023-05-26,2026-05-18,1089,100.0,"[1959, 1964, 1962, 1966, 1955]",401.0,1680.8,1941.0,1965.0,2017.0,2023.0,2045.0,1933.3781388478583,211.65989939643106,Kilocalories,calories,,False,True,True,low
totalKilocalories,Int64,677,100.0,0,0.0,480,False,0.0,2023-05-26,2026-05-18,1089,100.0,"[2158, 2756, 2660, 2559, 2306]",408.0,1901.0,2077.0,2257.0,2506.0,2872.2,4461.0,2286.7607090103397,403.9534751809163,Kilocalories,calories,,False,True,True,low
restingHeartRate,Int64,638,94.23929098966026,39,5.760709010339734,24,False,0.0,2023-05-26,2026-05-18,1089,94.23929098966026,"[63, 54, 50, 48, 47]",39.0,41.0,43.0,45.0,47.0,50.0,86.0,45.39968652037618,3.652289004476494,bpm,heart_rate,,True,True,True,high
minHeartRate,Int64,643,94.97784342688331,34,5.022156573116692,39,False,0.0,2023-05-26,2026-05-18,1089,94.97784342688331,"[55, 41, 40, 39, 38]",31.0,38.0,40.0,42.0,45.0,55.89999999999998,76.0,43.43545878693624,5.926611344131584,bpm,heart_rate,,True,True,True,high
maxHeartRate,Int64,643,94.97784342688331,34,5.022156573116692,90,False,0.0,2023-05-26,2026-05-18,1089,94.97784342688331,"[126, 160, 175, 119, 120]",74.0,99.1,120.0,134.0,148.0,165.89999999999998,183.0,133.81026438569208,20.138417133281383,bpm,heart_rate,,True,True,True,high
bodyBatteryStartOfDay,Int64,643,94.97784342688331,34,5.022156573116692,67,False,0.0,2023-05-26,2026-05-18,1089,94.97784342688331,"[66, 36, 22, 19, 35]",5.0,5.0,7.0,16.0,25.0,52.0,87.0,19.42768273716952,15.475001811648589,,body_battery,,False,True,True,high
bodyBatteryEndOfDay,Int64,584,86.2629246676514,93,13.737075332348597,49,False,0.0,2023-05-26,2026-05-17,1088,86.3905325443787,"[36, 22, 19, 35, 24]",5.0,5.0,6.0,14.0,22.0,36.0,72.0,16.190068493150687,11.024680125288915,,body_battery,,True,True,True,high
bodyBatteryLowest,Int64,643,94.97784342688331,34,5.022156573116692,38,False,0.0,2023-05-26,2026-05-18,1089,94.97784342688331,"[36, 22, 8, 18, 24]",5.0,5.0,5.0,7.0,15.0,25.0,80.0,11.08398133748056,8.521501575936336,,body_battery,,False,True,True,medium
bodyBatteryHighest,Int64,643,94.97784342688331,34,5.022156573116692,86,False,0.0,2023-05-26,2026-05-18,1089,94.97784342688331,"[70, 100, 93, 80, 82]",5.0,33.1,67.0,82.0,95.0,100.0,100.0,77.07931570762052,21.53809039466525,,body_battery,,False,True,True,medium
stressAwakeDurationSeconds,Int64,677,100.0,0,0.0,389,False,0.0,2023-05-26,2026-05-18,1089,100.0,"[22080, 56340, 58260, 53940, 60240]",1080.0,26112.0,49920.0,54960.0,60180.0,85992.0,89820.0,55030.36927621861,15232.033300675941,Seconds,stress,,False,True,True,high
stressAsleepDurationSeconds,Int64,550,81.24076809453472,127,18.75923190546529,289,False,0.0,2023-05-27,2026-05-18,1088,81.36094674556213,"[28500, 27180, 31800, 25740, 41520]",780.0,17601.0,26355.0,30120.0,33300.0,38613.0,49260.0,29323.2,6722.533129121133,Seconds,stress,,False,True,True,medium
stressTotalDurationSeconds,Int64,677,100.0,0,0.0,193,False,0.0,2023-05-26,2026-05-18,1089,100.0,"[22080, 84840, 85440, 85740, 85980]",1080.0,32328.000000000004,83760.0,85680.0,86160.0,86400.0,89820.0,78852.76218611521,16925.720638548577,Seconds,stress,,True,True,True,high
abnormalHeartRateAlertsCount,Int64,56,8.27178729689808,621,91.72821270310192,10,False,0.0,2023-05-28,2023-11-04,161,35.22012578616352,"[3, 8, 1, 4, 6]",1.0,1.0,1.0,2.0,3.25,7.25,18.0,3.0357142857142856,2.8281975353042967,bpm,heart_rate,,False,True,True,medium
activeSeconds,Int64,677,100.0,0,0.0,616,False,5.760709010339734,2023-05-26,2026-05-18,1089,100.0,"[1285, 6453, 1321, 5498, 3372]",0.0,0.0,1120.0,2864.0,5078.0,9684.599999999999,30402.0,3612.5539143279175,3413.8653012085942,Seconds,other,,False,True,False,low
allDayStress_ASLEEP_activityDuration,Int64,324,47.85819793205317,353,52.14180206794683,13,False,0.0,2023-05-28,2026-05-13,1082,48.214285714285715,"[300, 180, 60, 240, 360]",60.0,60.0,60.0,120.0,180.0,410.99999999999795,3960.0,163.14814814814815,283.26922118081706,,stress,,False,True,True,medium
allDayStress_ASLEEP_averageStressLevel,Int64,550,81.24076809453472,127,18.75923190546529,41,False,0.0,2023-05-27,2026-05-18,1088,81.36094674556213,"[6, 9, 8, 5, 11]",3.0,6.0,10.0,14.0,18.0,27.0,70.0,14.772727272727273,7.1183836642216844,,stress,,False,True,True,medium
allDayStress_ASLEEP_averageStressLevelIntensity,Int64,550,81.24076809453472,127,18.75923190546529,33,False,0.0,2023-05-27,2026-05-18,1088,81.36094674556213,"[6, 9, 8, 11, 10]",4.0,7.0,10.0,13.0,17.0,23.0,69.0,14.285454545454545,6.26293686766142,,stress,,False,True,True,medium
allDayStress_ASLEEP_highDuration,Int64,146,21.56573116691285,531,78.43426883308715,21,False,0.0,2023-05-28,2026-05-14,1083,21.693907875185737,"[60, 120, 240, 180, 600]",60.0,60.0,60.0,120.0,345.0,1035.0,5760.0,330.4109589041096,744.7553421112278,,stress,,False,True,True,medium
allDayStress_ASLEEP_lowDuration,Int64,543,80.20679468242245,134,19.79320531757755,143,False,0.0,2023-05-27,2026-05-18,1088,80.32544378698225,"[240, 1080, 1380, 300, 1800]",60.0,180.0,780.0,1860.0,3840.0,8580.0,15960.0,2806.6298342541436,2803.6892315971754,,stress,,False,True,True,medium
allDayStress_ASLEEP_maxStressLevel,Int64,550,81.24076809453472,127,18.75923190546529,75,False,0.0,2023-05-27,2026-05-18,1088,81.36094674556213,"[51, 89, 54, 30, 45]",16.0,35.45,54.0,66.0,76.0,89.0,97.0,64.61636363636363,16.28872310569419,,stress,,False,True,True,medium
allDayStress_ASLEEP_mediumDuration,Int64,429,63.36779911373708,248,36.63220088626292,56,False,0.0,2023-05-27,2026-05-18,1088,63.46153846153846,"[60, 240, 660, 540, 360]",60.0,60.0,120.0,300.0,780.0,2315.999999999998,15360.0,749.0909090909091,1463.8249613314986,,stress,,False,True,True,medium
allDayStress_ASLEEP_restDuration,Int64,550,81.24076809453472,127,18.75923190546529,316,False,0.0,2023-05-27,2026-05-18,1088,81.36094674556213,"[27960, 24600, 29880, 25320, 38640]",60.0,11328.0,21615.0,25800.0,29580.0,34620.0,40140.0,24890.727272727272,7219.603487425628,,stress,,False,True,True,medium
allDayStress_ASLEEP_stressDuration,Int64,544,80.35450516986707,133,19.64549483013294,163,False,0.0,2023-05-27,2026-05-18,1088,80.4733727810651,"[300, 1380, 1440, 1800, 360]",60.0,240.0,900.0,2040.0,4560.0,10911.000000000002,28140.0,3480.8823529411766,3960.048453037695,,stress,,False,True,True,medium
allDayStress_ASLEEP_stressIntensityCount,Int64,550,81.24076809453472,127,18.75923190546529,294,False,0.0,2023-05-27,2026-05-18,1088,81.36094674556213,"[471, 433, 522, 427, 674]",13.0,278.70000000000005,423.25,485.0,538.0,626.0999999999999,767.0,472.22727272727275,108.68479005821534,,stress,,False,True,True,medium
allDayStress_ASLEEP_stressOffWristCount,Int64,475,70.16248153618906,202,29.83751846381093,70,False,0.0,2023-05-27,2026-05-18,1088,70.26627218934911,"[4, 15, 5, 2, 17]",1.0,1.0,4.0,11.0,24.5,55.299999999999955,98.0,17.242105263157896,18.180480438542812,,stress,,False,True,True,medium
allDayStress_ASLEEP_stressTooActiveCount,Int64,324,47.85819793205317,353,52.14180206794683,13,False,0.0,2023-05-28,2026-05-13,1082,48.214285714285715,"[5, 3, 1, 4, 6]",1.0,1.0,1.0,2.0,3.0,6.849999999999966,66.0,2.7191358024691357,4.72115368634695,,stress,,False,True,True,medium
allDayStress_ASLEEP_totalDuration,Int64,550,81.24076809453472,127,18.75923190546529,289,False,0.0,2023-05-27,2026-05-18,1088,81.36094674556213,"[28500, 27180, 31800, 25740, 41520]",780.0,17601.0,26355.0,30120.0,33300.0,38613.0,49260.0,29323.2,6722.533129121133,,stress,,False,True,True,medium
allDayStress_ASLEEP_totalStressCount,Int64,550,81.24076809453472,127,18.75923190546529,289,False,0.0,2023-05-27,2026-05-18,1088,81.36094674556213,"[475, 453, 530, 429, 692]",13.0,293.35,439.25,502.0,555.0,643.55,821.0,488.72,112.04221881868554,,stress,,False,True,True,medium
allDayStress_ASLEEP_totalStressIntensity,Int64,550,81.24076809453472,127,18.75923190546529,548,False,0.0,2023-05-27,2026-05-18,1088,81.36094674556213,"[36558, 27751, 36026, 33586, 38653]",-17133.0,1933.9500000000005,15383.75,22134.0,30074.5,39125.24999999999,52940.0,21884.098181818183,11153.459126957789,,stress,,False,True,True,medium
allDayStress_ASLEEP_uncategorizedDuration,Int64,475,70.16248153618906,202,29.83751846381093,70,False,0.0,2023-05-27,2026-05-18,1088,70.26627218934911,"[240, 900, 300, 120, 1020]",60.0,60.0,240.0,660.0,1470.0,3317.9999999999973,5880.0,1034.5263157894738,1090.828826312569,,stress,,False,True,True,medium
allDayStress_AWAKE_activityDuration,Int64,642,94.8301329394387,35,5.1698670605613,284,False,0.0,2023-05-26,2026-05-18,1089,94.8301329394387,"[5580, 17100, 9840, 14760, 12120]",60.0,1623.0000000000002,6060.0,9420.0,12600.0,18476.999999999996,64320.0,9834.953271028038,5817.863347412885,,stress,,False,True,True,medium
allDayStress_AWAKE_averageStressLevel,Int64,642,94.8301329394387,35,5.1698670605613,71,False,0.0,2023-05-26,2026-05-18,1089,94.8301329394387,"[50, 41, 58, 36, 38]",8.0,35.0,46.0,56.0,64.0,77.0,91.0,55.246105919003114,13.390284231544756,,stress,,False,True,True,medium
allDayStress_AWAKE_averageStressLevelIntensity,Int64,642,94.8301329394387,35,5.1698670605613,71,False,0.0,2023-05-26,2026-05-18,1089,94.8301329394387,"[43, 33, 55, 30, 31]",9.0,25.050000000000004,43.0,54.0,64.0,76.0,91.0,52.886292834890966,14.811488319392039,,stress,,False,True,True,medium
allDayStress_AWAKE_highDuration,Int64,635,93.79615952732644,42,6.20384047267356,307,False,0.0,2023-05-26,2026-05-18,1089,93.79615952732644,"[3120, 3660, 14340, 1200, 4860]",60.0,1242.0000000000002,5610.0,9420.0,14790.0,24120.0,47580.0,10756.062992125984,7048.367213374643,,stress,,False,True,True,medium
allDayStress_AWAKE_lowDuration,Int64,638,94.23929098966026,39,5.760709010339734,300,False,0.0,2023-05-26,2026-05-18,1089,94.23929098966026,"[3660, 9420, 9660, 12420, 14340]",60.0,1440.0,6060.0,10290.0,14085.0,20289.0,28980.0,10389.87460815047,5699.846673688817,,stress,,False,True,True,medium
allDayStress_AWAKE_maxStressLevel,Int64,642,94.8301329394387,35,5.1698670605613,22,False,0.0,2023-05-26,2026-05-18,1089,94.8301329394387,"[96, 97, 99, 90, 98]",30.0,90.0,97.0,99.0,99.0,99.0,100.0,97.01246105919003,4.643600651117793,,stress,,False,True,True,medium
allDayStress_AWAKE_mediumDuration,Int64,641,94.6824224519941,36,5.317577548005908,276,False,0.0,2023-05-26,2026-05-18,1089,94.6824224519941,"[4740, 9420, 6780, 7680, 7860]",60.0,2100.0,7800.0,10680.0,13980.0,19140.0,31500.0,10872.262090483619,5018.4361389980095,,stress,,False,True,True,medium
allDayStress_AWAKE_restDuration,Int64,620,91.5805022156573,57,8.419497784342688,265,False,0.0,2023-05-26,2026-05-18,1089,91.5805022156573,"[3420, 13440, 7200, 15000, 18900]",60.0,240.0,2025.0,4800.0,10020.0,25082.999999999996,46980.0,7252.935483870968,7628.107095692823,,stress,,False,True,True,medium
allDayStress_AWAKE_stressDuration,Int64,642,94.8301329394387,35,5.1698670605613,404,False,0.0,2023-05-26,2026-05-18,1089,94.8301329394387,"[11520, 22500, 30780, 21300, 27060]",120.0,10215.000000000002,26835.0,33030.0,38280.0,46493.99999999999,72780.0,31819.252336448597,10751.704261461555,,stress,,False,True,True,medium
allDayStress_AWAKE_stressIntensityCount,Int64,642,94.8301329394387,35,5.1698670605613,413,False,0.0,2023-05-26,2026-05-18,1089,94.8301329394387,"[249, 599, 633, 605, 766]",2.0,256.40000000000003,569.25,666.0,753.0,937.6499999999995,1399.0,647.0607476635514,201.4420501784455,,stress,,False,True,True,medium
allDayStress_AWAKE_stressOffWristCount,Int64,675,99.70457902511079,2,0.29542097488921715,230,False,0.0,2023-05-26,2026-05-18,1089,99.70457902511079,"[26, 55, 174, 48, 36]",1.0,12.700000000000003,29.0,49.0,102.0,768.5999999999995,1440.0,148.56148148148148,289.27709498552065,,stress,,False,True,True,medium
allDayStress_AWAKE_stressTooActiveCount,Int64,642,94.8301329394387,35,5.1698670605613,284,False,0.0,2023-05-26,2026-05-18,1089,94.8301329394387,"[93, 285, 164, 246, 202]",1.0,27.050000000000004,101.0,157.0,210.0,307.94999999999993,1072.0,163.9158878504673,96.96438912354806,,stress,,False,True,True,medium
allDayStress_AWAKE_totalDuration,Int64,677,100.0,0,0.0,389,False,0.0,2023-05-26,2026-05-18,1089,100.0,"[22080, 56340, 58260, 53940, 60240]",1080.0,26112.0,49920.0,54960.0,60180.0,85992.0,89820.0,55030.36927621861,15232.033300675941,,stress,,False,True,True,medium
allDayStress_AWAKE_totalStressCount,Int64,677,100.0,0,0.0,389,False,0.0,2023-05-26,2026-05-18,1089,100.0,"[368, 939, 971, 899, 1004]",18.0,435.20000000000005,832.0,916.0,1003.0,1433.1999999999998,1497.0,917.1728212703102,253.86722167793232,,stress,,False,True,True,medium
allDayStress_AWAKE_totalStressIntensity,Int64,642,94.8301329394387,35,5.1698670605613,640,False,0.0,2023-05-26,2026-05-18,1089,94.8301329394387,"[-6142, -6824, -26075, -4452, -6960]",-76210.0,-44417.6,-32706.5,-23599.5,-14148.75,-596.400000000006,45292.0,-23088.630841121496,14394.605951590847,,stress,,False,True,True,medium
allDayStress_AWAKE_uncategorizedDuration,Int64,675,99.70457902511079,2,0.29542097488921715,230,False,0.0,2023-05-26,2026-05-18,1089,99.70457902511079,"[1560, 3300, 10440, 2880, 2160]",60.0,762.0000000000002,1740.0,2940.0,6120.0,46115.99999999997,86400.0,8913.68888888889,17356.625699131237,,stress,,False,True,True,medium
allDayStress_TOTAL_activityDuration,Int64,642,94.8301329394387,35,5.1698670605613,284,False,0.0,2023-05-26,2026-05-18,1089,94.8301329394387,"[5580, 17100, 10140, 14940, 12120]",60.0,1800.0,6180.0,9660.0,12825.0,18536.999999999996,64320.0,9917.289719626167,5819.999367948477,,stress,,False,True,True,medium
allDayStress_TOTAL_averageStressLevel,Int64,642,94.8301329394387,35,5.1698670605613,68,False,0.0,2023-05-26,2026-05-18,1089,94.8301329394387,"[50, 25, 38, 23, 26]",8.0,25.050000000000004,33.0,38.0,45.0,60.94999999999993,91.0,40.04828660436137,11.430690761605993,,stress,,False,True,True,medium
allDayStress_TOTAL_averageStressLevelIntensity,Int64,642,94.8301329394387,35,5.1698670605613,62,False,0.0,2023-05-26,2026-05-18,1089,94.8301329394387,"[43, 18, 25, 20, 22]",9.0,20.0,24.0,27.5,37.0,60.899999999999864,91.0,31.83644859813084,12.897763541503958,,stress,,False,True,True,medium
allDayStress_TOTAL_highDuration,Int64,635,93.79615952732644,42,6.20384047267356,307,False,0.0,2023-05-26,2026-05-18,1089,93.79615952732644,"[3120, 3660, 14400, 1200, 4860]",60.0,1242.0000000000002,5700.0,9540.0,14790.0,24180.0,47580.0,10832.031496062993,7072.96609185608,,stress,,False,True,True,medium
allDayStress_TOTAL_lowDuration,Int64,638,94.23929098966026,39,5.760709010339734,328,False,0.0,2023-05-26,2026-05-18,1089,94.23929098966026,"[3660, 9660, 10740, 13800, 14640]",60.0,2673.0000000000005,7935.0,12360.0,17040.0,24249.0,34740.0,12778.58934169279,6631.452094120935,,stress,,False,True,True,medium
allDayStress_TOTAL_maxStressLevel,Int64,642,94.8301329394387,35,5.1698670605613,22,False,0.0,2023-05-26,2026-05-18,1089,94.8301329394387,"[96, 97, 99, 90, 98]",30.0,90.0,97.0,99.0,99.0,99.0,100.0,97.01401869158879,4.643428220032638,,stress,,False,True,True,medium
allDayStress_TOTAL_mediumDuration,Int64,641,94.6824224519941,36,5.317577548005908,276,False,0.0,2023-05-26,2026-05-18,1089,94.6824224519941,"[4740, 9480, 7020, 7740, 7860]",60.0,2220.0,8100.0,11160.0,14520.0,19800.0,31620.0,11373.603744149766,5203.599201416839,,stress,,False,True,True,medium
allDayStress_TOTAL_restDuration,Int64,628,92.76218611521418,49,7.23781388478582,380,False,0.0,2023-05-26,2026-05-18,1089,92.76218611521418,"[3420, 41400, 31800, 44880, 44220]",60.0,3564.0000000000005,24885.0,30510.0,35940.0,43376.99999999999,59160.0,28959.745222929938,10669.022484010951,,stress,,False,True,True,medium
allDayStress_TOTAL_stressDuration,Int64,642,94.8301329394387,35,5.1698670605613,407,False,0.0,2023-05-26,2026-05-18,1089,94.8301329394387,"[11520, 22800, 32160, 22740, 27360]",120.0,11712.000000000002,28815.0,35880.0,41865.0,52556.99999999999,72780.0,34768.785046728975,11856.25249927556,,stress,,False,True,True,medium
allDayStress_TOTAL_stressIntensityCount,Int64,642,94.8301329394387,35,5.1698670605613,403,False,0.0,2023-05-26,2026-05-18,1089,94.8301329394387,"[249, 1070, 1066, 1127, 1193]",2.0,378.05,1024.0,1143.5,1223.75,1313.9499999999998,1399.0,1051.6168224299065,283.15954648382655,,stress,,False,True,True,medium
allDayStress_TOTAL_stressOffWristCount,Int64,676,99.85228951255539,1,0.14771048744460857,232,False,0.0,2023-05-26,2026-05-18,1089,99.85228951255539,"[26, 59, 189, 53, 38]",1.0,18.75,42.0,66.5,118.25,782.25,1440.0,160.45710059171597,285.90891001083014,,stress,,False,True,True,medium
allDayStress_TOTAL_stressTooActiveCount,Int64,642,94.8301329394387,35,5.1698670605613,284,False,0.0,2023-05-26,2026-05-18,1089,94.8301329394387,"[93, 285, 169, 249, 202]",1.0,30.0,103.0,161.0,213.75,308.94999999999993,1072.0,165.28816199376948,96.99998946580794,,stress,,False,True,True,medium
allDayStress_TOTAL_totalDuration,Int64,677,100.0,0,0.0,193,False,0.0,2023-05-26,2026-05-18,1089,100.0,"[22080, 84840, 85440, 85740, 85980]",1080.0,32328.000000000004,83760.0,85680.0,86160.0,86400.0,89820.0,78852.76218611521,16925.720638548577,,stress,,False,True,True,medium
allDayStress_TOTAL_totalStressCount,Int64,677,100.0,0,0.0,193,False,0.0,2023-05-26,2026-05-18,1089,100.0,"[368, 1414, 1424, 1429, 1433]",18.0,538.8000000000001,1396.0,1428.0,1436.0,1440.0,1497.0,1314.2127031019202,282.0953439758096,,stress,,False,True,True,medium
allDayStress_TOTAL_totalStressIntensity,Int64,642,94.8301329394387,35,5.1698670605613,641,False,0.0,2023-05-26,2026-05-18,1089,94.8301329394387,"[-6142, 29734, 1676, 31574, 26626]",-76210.0,-34003.2,-15479.25,-3662.5,7661.75,22756.499999999996,45292.0,-4340.571651090343,17191.63537180069,,stress,,False,True,True,medium
allDayStress_TOTAL_uncategorizedDuration,Int64,676,99.85228951255539,1,0.14771048744460857,232,False,0.0,2023-05-26,2026-05-18,1089,99.85228951255539,"[1560, 3540, 11340, 3180, 2280]",60.0,1125.0,2520.0,3990.0,7095.0,46935.0,86400.0,9627.426035502958,17154.53460064981,,stress,,False,True,True,medium
averageSpo2Value,Int64,577,85.22895125553914,100,14.771048744460858,9,False,0.0,2023-05-28,2026-05-18,1087,85.48148148148148,"[93, 92, 96, 95, 94]",89.0,92.0,93.0,94.0,95.0,96.0,98.0,94.32755632582322,1.3661913899313622,percent,spo2,,False,True,True,medium
bodyBatteryStat_DURINGSLEEP,Int64,355,52.437223042836045,322,47.56277695716396,76,False,0.0,2023-12-18,2026-05-18,883,75.05285412262155,"[60, 70, 37, 59, 71]",1.0,32.7,61.0,71.0,80.0,91.0,95.0,68.35774647887324,17.175363892820428,,body_battery,,False,True,True,medium
bodyBatteryStat_DURINGSLEEP_bodyBatteryStatus,str,355,52.437223042836045,322,47.56277695716396,1,True,,2023-12-18,2026-05-18,883,75.05285412262155,"[""MEASURED""]",,,,,,,,,,,body_battery,,False,True,True,medium
bodyBatteryStat_DURINGSLEEP_statTimestamp,str,355,52.437223042836045,322,47.56277695716396,355,False,,2023-12-18,2026-05-18,883,75.05285412262155,"[""2023-12-18T09:12:00.0"", ""2023-12-19T07:44:00.0"", ""2023-12-20T07:20:00.0"", ""2023-12-21T07:21:00.0"", ""2023-12-22T10:19:00.0""]",,,,,,,,,,datetime,body_battery,ISO datetime string,False,True,True,medium
bodyBatteryStat_ENDOFDAY,Int64,584,86.2629246676514,93,13.737075332348597,49,False,0.0,2023-05-26,2026-05-17,1088,86.3905325443787,"[36, 22, 19, 35, 24]",5.0,5.0,6.0,14.0,22.0,36.0,72.0,16.190068493150687,11.024680125288915,,body_battery,,False,True,True,medium
bodyBatteryStat_ENDOFDAY_bodyBatteryStatus,str,584,86.2629246676514,93,13.737075332348597,2,False,,2023-05-26,2026-05-17,1088,86.3905325443787,"[""MEASURED"", ""MODELED""]",,,,,,,,,,,body_battery,,False,True,True,medium
bodyBatteryStat_ENDOFDAY_statTimestamp,str,584,86.2629246676514,93,13.737075332348597,584,False,,2023-05-26,2026-05-17,1088,86.3905325443787,"[""2023-05-26T22:00:00.0"", ""2023-05-27T22:00:00.0"", ""2023-05-28T22:00:00.0"", ""2023-05-29T22:00:00.0"", ""2023-05-30T22:00:00.0""]",,,,,,,,,,datetime,body_battery,ISO datetime string,False,True,True,medium
bodyBatteryStat_HIGHEST,Int64,643,94.97784342688331,34,5.022156573116692,86,False,0.0,2023-05-26,2026-05-18,1089,94.97784342688331,"[70, 100, 93, 80, 82]",5.0,33.1,67.0,82.0,95.0,100.0,100.0,77.07931570762052,21.53809039466525,,body_battery,,False,True,True,medium
bodyBatteryStat_HIGHEST_bodyBatteryStatus,str,643,94.97784342688331,34,5.022156573116692,3,False,,2023-05-26,2026-05-18,1089,94.97784342688331,"[""MEASURED"", ""RESET"", ""MODELED""]",,,,,,,,,,,body_battery,,False,True,True,medium
bodyBatteryStat_HIGHEST_statTimestamp,str,643,94.97784342688331,34,5.022156573116692,643,False,,2023-05-26,2026-05-18,1089,94.97784342688331,"[""2023-05-26T16:20:00.0"", ""2023-05-27T06:38:00.0"", ""2023-05-28T08:55:00.0"", ""2023-05-29T07:52:00.0"", ""2023-05-30T08:14:00.0""]",,,,,,,,,,datetime,body_battery,ISO datetime string,False,True,True,medium
bodyBatteryStat_LOWEST,Int64,643,94.97784342688331,34,5.022156573116692,38,False,0.0,2023-05-26,2026-05-18,1089,94.97784342688331,"[36, 22, 8, 18, 24]",5.0,5.0,5.0,7.0,15.0,25.0,80.0,11.08398133748056,8.521501575936336,,body_battery,,False,True,True,medium
bodyBatteryStat_LOWEST_bodyBatteryStatus,str,643,94.97784342688331,34,5.022156573116692,3,False,,2023-05-26,2026-05-18,1089,94.97784342688331,"[""MEASURED"", ""MODELED"", ""RESET""]",,,,,,,,,,,body_battery,,False,True,True,medium
bodyBatteryStat_LOWEST_statTimestamp,str,643,94.97784342688331,34,5.022156573116692,642,False,,2023-05-26,2026-05-18,1089,94.97784342688331,"[""2023-05-26T21:55:00.0"", ""2023-05-27T21:57:00.0"", ""2023-05-28T00:50:00.0"", ""2023-05-28T23:09:00.0"", ""2023-05-30T22:00:00.0""]",,,,,,,,,,datetime,body_battery,ISO datetime string,False,True,True,medium
bodyBatteryStat_MOSTRECENT,Int64,643,94.97784342688331,34,5.022156573116692,60,False,0.0,2023-05-26,2026-05-18,1089,94.97784342688331,"[36, 22, 19, 35, 24]",5.0,5.0,7.0,16.0,24.0,45.0,100.0,18.11353032659409,14.103462395315296,,body_battery,,False,True,True,medium
bodyBatteryStat_MOSTRECENT_bodyBatteryStatus,str,643,94.97784342688331,34,5.022156573116692,3,False,,2023-05-26,2026-05-18,1089,94.97784342688331,"[""MEASURED"", ""MODELED"", ""RESET""]",,,,,,,,,,,body_battery,,False,True,True,medium
bodyBatteryStat_MOSTRECENT_statTimestamp,str,643,94.97784342688331,34,5.022156573116692,643,False,,2023-05-26,2026-05-18,1089,94.97784342688331,"[""2023-05-26T22:00:00.0"", ""2023-05-27T22:00:00.0"", ""2023-05-28T22:00:00.0"", ""2023-05-29T22:00:00.0"", ""2023-05-30T22:00:00.0""]",,,,,,,,,,datetime,body_battery,ISO datetime string,False,True,True,medium
bodyBatteryStat_SLEEPEND,Int64,248,36.63220088626292,429,63.36779911373708,67,False,0.0,2024-11-17,2026-05-18,548,79.2332268370607,"[77, 83, 89, 56, 75]",6.0,38.7,72.0,86.0,98.0,100.0,100.0,81.14516129032258,19.487021965274604,,body_battery,,False,True,True,medium
bodyBatteryStat_SLEEPEND_bodyBatteryStatus,str,248,36.63220088626292,429,63.36779911373708,1,True,,2024-11-17,2026-05-18,548,79.2332268370607,"[""MEASURED""]",,,,,,,,,,,body_battery,,False,True,True,medium
bodyBatteryStat_SLEEPEND_statTimestamp,str,248,36.63220088626292,429,63.36779911373708,248,False,,2024-11-17,2026-05-18,548,79.2332268370607,"[""2024-11-17T11:34:00.0"", ""2024-11-18T07:51:00.0"", ""2024-11-19T07:46:00.0"", ""2024-11-20T12:32:00.0"", ""2024-11-21T11:47:00.0""]",,,,,,,,,,datetime,body_battery,ISO datetime string,False,True,True,medium
bodyBatteryStat_SLEEPSTART,Int64,254,37.51846381093058,423,62.481536189069416,31,False,0.0,2024-06-21,2026-05-18,697,76.96969696969697,"[20, 5, 25, 22, 10]",5.0,5.0,5.0,7.0,16.0,26.349999999999994,59.0,11.385826771653543,8.359082768388324,,body_battery,,False,True,True,medium
bodyBatteryStat_SLEEPSTART_bodyBatteryStatus,str,254,37.51846381093058,423,62.481536189069416,1,True,,2024-06-21,2026-05-18,697,76.96969696969697,"[""MEASURED""]",,,,,,,,,,,body_battery,,False,True,True,medium
bodyBatteryStat_SLEEPSTART_statTimestamp,str,254,37.51846381093058,423,62.481536189069416,254,False,,2024-06-21,2026-05-18,697,76.96969696969697,"[""2024-06-20T23:16:00.0"", ""2024-08-08T21:12:00.0"", ""2024-08-09T23:39:00.0"", ""2024-08-10T23:51:00.0"", ""2024-08-11T21:41:00.0""]",,,,,,,,,,datetime,body_battery,ISO datetime string,False,True,True,medium
bodyBatteryStat_STARTOFDAY,Int64,643,94.97784342688331,34,5.022156573116692,67,False,0.0,2023-05-26,2026-05-18,1089,94.97784342688331,"[66, 36, 22, 19, 35]",5.0,5.0,7.0,16.0,25.0,52.0,87.0,19.42768273716952,15.475001811648589,,body_battery,,False,True,True,medium
bodyBatteryStat_STARTOFDAY_bodyBatteryStatus,str,643,94.97784342688331,34,5.022156573116692,3,False,,2023-05-26,2026-05-18,1089,94.97784342688331,"[""RESET"", ""MEASURED"", ""MODELED""]",,,,,,,,,,,body_battery,,False,True,True,medium
bodyBatteryStat_STARTOFDAY_statTimestamp,str,643,94.97784342688331,34,5.022156573116692,643,False,,2023-05-26,2026-05-18,1089,94.97784342688331,"[""2023-05-26T15:43:00.0"", ""2023-05-26T22:01:00.0"", ""2023-05-27T22:01:00.0"", ""2023-05-28T22:01:00.0"", ""2023-05-29T22:01:00.0""]",,,,,,,,,,datetime,body_battery,ISO datetime string,False,True,True,medium
bodyBattery_bodyBatteryVersion,Int64,644,95.12555391432792,33,4.874446085672083,1,True,0.0,2023-05-26,2026-05-18,1089,95.12555391432792,[2],2.0,2.0,2.0,2.0,2.0,2.0,2.0,2.0,0.0,,body_battery,,False,True,True,medium
bodyBattery_chargedValue,Int64,642,94.8301329394387,35,5.1698670605613,88,False,7.165109034267912,2023-05-26,2026-05-18,1089,94.8301329394387,"[4, 65, 85, 84, 66]",0.0,0.0,53.0,69.5,79.0,90.0,99.0,61.54984423676012,25.50956215394832,percent,body_battery,,False,True,True,medium
bodyBattery_drainedValue,Int64,642,94.8301329394387,35,5.1698670605613,93,False,0.9345794392523363,2023-05-26,2026-05-18,1089,94.8301329394387,"[34, 79, 88, 68, 77]",0.0,14.0,50.25,68.0,79.0,90.0,98.0,62.191588785046726,22.87780176713823,percent,body_battery,,False,True,True,medium
currentDayRestingHeartRate,Int64,638,94.23929098966026,39,5.760709010339734,27,False,0.0,2023-05-26,2026-05-18,1089,94.23929098966026,"[63, 44, 43, 40, 42]",36.0,39.0,43.0,45.0,47.0,51.0,86.0,45.206896551724135,4.279975948664873,bpm,heart_rate,,False,True,True,medium
dailyStepGoal,Int64,677,100.0,0,0.0,361,False,0.0,2023-05-26,2026-05-18,1089,100.0,"[7500, 8000, 8540, 7810, 7190]",3120.0,4910.0,6020.0,7390.0,8590.0,10791.999999999996,13470.0,7465.672082717873,1853.022327005855,,other,,False,True,False,low
durationInMilliseconds,Int64,677,100.0,0,0.0,49,False,0.0,2023-05-26,2026-05-18,1089,100.0,"[86400000, 80580000, 73860000, 63420000, 35520000]",18240000.0,72576000.0,86400000.0,86400000.0,86400000.0,86400000.0,90000000.0,84319320.53175776,9126023.529160975,Milliseconds,other,,False,True,False,low
floorsAscendedInMeters,Float64,677,100.0,0,0.0,454,False,21.418020679468242,2023-05-26,2026-05-18,1089,100.0,"[0.0, 72.336, 10.617, 73.152, 25.298]",0.0,0.0,3.518,27.432,46.75,91.60019999999994,1099.285,34.904355982274744,58.72501693437487,Meters,steps_distance,,False,True,True,medium
floorsDescendedInMeters,Float64,677,100.0,0,0.0,532,False,21.56573116691285,2023-05-26,2026-05-18,1089,100.0,"[0.0, 63.324, 11.024, 89.929, 17.887]",0.0,0.0,2.805,24.142,44.579,88.36019999999998,1117.692,33.158974889217134,59.53002086040203,Meters,steps_distance,,False,True,True,medium
highlyActiveSeconds,Int64,677,100.0,0,0.0,467,False,6.20384047267356,2023-05-26,2026-05-18,1089,100.0,"[797, 5638, 2700, 3993, 1751]",0.0,0.0,87.0,275.0,1078.0,3043.0,6664.0,775.9172821270311,1092.5439203984904,Seconds,other,,False,True,False,low
hydration_activityIntakeInML,Int64,292,43.1314623338257,385,56.868537666174305,1,True,100.0,2023-05-26,2026-05-18,1089,43.1314623338257,[0],0.0,0.0,0.0,0.0,0.0,0.0,0.0,0.0,0.0,mL,hydration,,False,True,True,low
hydration_adjustedGoalInML,Float64,292,43.1314623338257,385,56.868537666174305,211,False,0.0,2023-05-26,2026-05-18,1089,43.1314623338257,"[2847.056, 3691.0, 3101.0, 3863.0, 3674.0]",2840.0,2906.55,2950.0,3003.0,3113.75,3502.8499999999995,5808.0,3089.113205479452,284.53282477532235,mL,hydration,,False,True,True,low
hydration_capped,boolean,292,43.1314623338257,385,56.868537666174305,1,True,,2023-05-26,2026-05-18,1089,43.1314623338257,[false],,,,,,,,,,,hydration,,False,True,True,low
hydration_goalInML,Float64,292,43.1314623338257,385,56.868537666174305,2,False,0.0,2023-05-26,2026-05-18,1089,43.1314623338257,"[2839.056, 2840.0]",2839.056,2840.0,2840.0,2840.0,2840.0,2840.0,2840.0,2839.9967671232876,0.05524342147657127,mL,hydration,,False,True,True,low
hydration_lastEntryTimestampLocal,str,292,43.1314623338257,385,56.868537666174305,292,False,,2023-05-26,2026-05-18,1089,43.1314623338257,"[""2023-05-26T17:50:43.0"", ""2023-05-27T17:07:24.0"", ""2023-05-28T18:34:30.0"", ""2023-05-29T14:41:56.0"", ""2023-05-31T21:35:59.0""]",,,,,,,,,,datetime,hydration,ISO datetime string,False,True,True,low
hydration_sweatLossInML,Int64,292,43.1314623338257,385,56.868537666174305,211,False,0.684931506849315,2023-05-26,2026-05-18,1089,43.1314623338257,"[8, 851, 261, 1023, 834]",0.0,66.55,110.0,163.0,273.75,662.8499999999997,2968.0,249.1164383561644,284.5300704072687,mL,hydration,,False,True,True,low
hydration_valueInML,Int64,292,43.1314623338257,385,56.868537666174305,1,True,100.0,2023-05-26,2026-05-18,1089,43.1314623338257,[0],0.0,0.0,0.0,0.0,0.0,0.0,0.0,0.0,0.0,mL,hydration,,False,True,True,low
includesActivityData,boolean,677,100.0,0,0.0,2,False,,2023-05-26,2026-05-18,1089,100.0,"[true, false]",,,,,,,,,,,flags_includes,,False,True,False,low
includesAllDayPulseOx,boolean,677,100.0,0,0.0,2,False,,2023-05-26,2026-05-18,1089,100.0,"[false, true]",,,,,,,,,,,flags_includes,,False,True,False,low
includesCalorieConsumedData,boolean,677,100.0,0,0.0,1,True,,2023-05-26,2026-05-18,1089,100.0,[false],,,,,,,,,,,flags_includes,,False,True,False,low
includesContinuousMeasurement,boolean,677,100.0,0,0.0,1,True,,2023-05-26,2026-05-18,1089,100.0,[false],,,,,,,,,,,flags_includes,,False,True,False,low
includesSingleMeasurement,boolean,677,100.0,0,0.0,2,False,,2023-05-26,2026-05-18,1089,100.0,"[true, false]",,,,,,,,,,,flags_includes,,False,True,False,low
includesSleepPulseOx,boolean,677,100.0,0,0.0,2,False,,2023-05-26,2026-05-18,1089,100.0,"[false, true]",,,,,,,,,,,flags_includes,,False,True,False,low
includesWellnessData,boolean,677,100.0,0,0.0,1,True,,2023-05-26,2026-05-18,1089,100.0,[true],,,,,,,,,,,flags_includes,,False,True,False,low
isVigorousDay,boolean,478,70.60561299852289,199,29.394387001477106,2,False,,2023-12-13,2026-05-18,888,100.0,"[false, true]",,,,,,,,,,,other,,False,True,False,low
latestSpo2Value,Int64,579,85.52437223042836,98,14.47562776957164,22,False,0.0,2023-05-26,2026-05-18,1089,85.52437223042836,"[97, 99, 95, 89, 84]",78.0,87.0,92.0,95.0,98.0,100.0,100.0,94.39550949913644,4.046534748193225,percent,spo2,,False,True,True,medium
latestSpo2ValueReadingTimeGmt,str,579,85.52437223042836,98,14.47562776957164,579,False,,2023-05-26,2026-05-18,1089,85.52437223042836,"[""2023-05-26T17:33:00.0"", ""2023-05-27T17:50:00.0"", ""2023-05-28T05:59:00.0"", ""2023-05-29T05:59:00.0"", ""2023-05-30T06:00:00.0""]",,,,,,,,,,datetime,spo2,ISO datetime string,False,True,True,medium
latestSpo2ValueReadingTimeLocal,str,579,85.52437223042836,98,14.47562776957164,579,False,,2023-05-26,2026-05-18,1089,85.52437223042836,"[""2023-05-26T19:33:00.0"", ""2023-05-27T19:50:00.0"", ""2023-05-28T07:59:00.0"", ""2023-05-29T07:59:00.0"", ""2023-05-30T08:00:00.0""]",,,,,,,,,,datetime,spo2,ISO datetime string,False,True,True,medium
lowestSpo2Value,Int64,579,85.52437223042836,98,14.47562776957164,23,False,0.0,2023-05-26,2026-05-18,1089,85.52437223042836,"[95, 93, 83, 82, 84]",71.0,78.0,82.0,84.0,86.0,88.0,95.0,83.71848013816926,3.0681735667175802,percent,spo2,,False,True,True,medium
maxAvgHeartRate,Int64,643,94.97784342688331,34,5.022156573116692,97,False,0.0,2023-05-26,2026-05-18,1089,94.97784342688331,"[126, 160, 175, 119, 120]",69.0,97.0,116.5,130.0,145.0,162.89999999999998,183.0,130.33592534992223,20.372750726311175,bpm,heart_rate,,False,True,True,medium
minAvgHeartRate,Int64,643,94.97784342688331,34,5.022156573116692,41,False,0.0,2023-05-26,2026-05-18,1089,94.97784342688331,"[55, 41, 40, 42, 39]",31.0,38.0,41.0,43.0,46.0,56.89999999999998,77.0,44.284603421461895,6.115568913590379,bpm,heart_rate,,False,True,True,medium
moderateIntensityMinutes,Int64,677,100.0,0,0.0,96,False,23.485967503692763,2023-05-26,2026-05-18,1089,100.0,"[0, 113, 38, 135, 29]",0.0,0.0,1.0,19.0,39.0,75.0,220.0,25.112259970457902,26.551765568342546,,other,,False,True,False,low
remainingKilocalories,Int64,390,57.60709010339734,287,42.39290989660266,316,False,0.0,2023-05-26,2025-01-13,599,100.0,"[2158, 2756, 2660, 2559, 2306]",408.0,1901.0,2064.5,2241.0,2487.5,2889.4999999999986,4461.0,2284.023076923077,411.8091091715649,Kilocalories,calories,,False,True,True,low
respiration_algorithmVersion,Int64,305,45.05169867060561,372,54.94830132939439,1,True,0.0,2024-08-14,2026-05-18,643,94.42724458204334,[100],100.0,100.0,100.0,100.0,100.0,100.0,100.0,100.0,0.0,,respiration,,False,True,True,low
respiration_avgWakingRespirationValue,Int64,642,94.8301329394387,35,5.1698670605613,8,False,0.0,2023-05-26,2026-05-18,1089,94.8301329394387,"[13, 14, 15, 17, 16]",11.0,13.0,13.0,14.0,14.0,15.0,18.0,13.81619937694704,0.7538890603112779,brpm,respiration,,False,True,True,low
respiration_highestRespirationValue,Int64,642,94.8301329394387,35,5.1698670605613,14,False,0.0,2023-05-26,2026-05-18,1089,94.8301329394387,"[15, 22, 20, 24, 23]",12.0,20.0,21.0,22.0,23.0,25.0,27.0,22.281931464174455,1.8074082274781564,brpm,respiration,,False,True,True,low
respiration_latestRespirationTimeGMT,str,642,94.8301329394387,35,5.1698670605613,642,False,,2023-05-26,2026-05-18,1089,94.8301329394387,"[""2023-05-26T21:59:00.0"", ""2023-05-27T22:00:00.0"", ""2023-05-28T20:14:00.0"", ""2023-05-29T22:00:00.0"", ""2023-05-30T22:00:00.0""]",,,,,,,,,,datetime,respiration,ISO datetime string,False,True,True,low
respiration_latestRespirationValue,Int64,642,94.8301329394387,35,5.1698670605613,14,False,0.0,2023-05-26,2026-05-18,1089,94.8301329394387,"[14, 13, 15, 12, 16]",9.0,12.0,13.0,14.0,15.0,19.0,22.0,14.389408099688474,2.257470860965656,brpm,respiration,,False,True,True,low
respiration_lowestRespirationValue,Int64,642,94.8301329394387,35,5.1698670605613,8,False,0.0,2023-05-26,2026-05-18,1089,94.8301329394387,"[8, 11, 10, 9, 12]",7.0,8.0,9.0,9.0,10.0,11.0,16.0,9.61993769470405,1.0519017748848558,brpm,respiration,,False,True,True,low
restingCaloriesFromActivity,Int64,291,42.98375184638109,386,57.01624815361891,105,False,0.3436426116838488,2023-05-26,2026-05-18,1089,42.98375184638109,"[0, 164, 50, 207, 157]",0.0,17.0,24.0,38.0,64.0,141.0,653.0,54.20962199312715,58.40111634084248,Kilocalories,calories,,False,True,True,low
restingHeartRateTimestamp,Int64,638,94.23929098966026,39,5.760709010339734,638,False,0.0,2023-05-26,2026-05-18,1089,94.23929098966026,"[1685138400000, 1685224800000, 1685311200000, 1685397600000, 1685484000000]",1685138400000.0,1687890240000.0,1699074000000.0,1717927200000.0,1762448400000.0,1775948382000.0,1779101460000.0,1729514856300.9404,32487519823.582542,ms,heart_rate,epoch millis,False,True,True,medium
userFloorsAscendedGoal,Int64,677,100.0,0,0.0,1,True,0.0,2023-05-26,2026-05-18,1089,100.0,[10],10.0,10.0,10.0,10.0,10.0,10.0,10.0,10.0,0.0,,other,,False,True,False,low
userIntensityMinutesGoal,Int64,677,100.0,0,0.0,3,False,0.0,2023-05-26,2026-05-18,1089,100.0,"[150, 300, 400]",150.0,400.0,400.0,400.0,400.0,400.0,400.0,393.205317577548,34.481460177055936,,other,,False,True,False,low
vigorousIntensityMinutes,Int64,677,100.0,0,0.0,35,False,51.8463810930576,2023-05-26,2026-05-18,1089,100.0,"[5, 8, 27, 0, 21]",0.0,0.0,0.0,0.0,4.0,19.0,89.0,4.062038404726736,8.845267044764531,,other,,False,True,False,low
wellnessActiveKilocalories,Int64,677,100.0,0,0.0,446,False,7.0901033973412115,2023-05-26,2026-05-18,1089,100.0,"[199, 792, 698, 593, 351]",0.0,0.0,113.0,286.0,517.0,873.7999999999977,2544.0,353.38257016248156,317.04514992694817,Kilocalories,calories,,False,True,True,low
wellnessDistanceMeters,Int64,641,94.6824224519941,36,5.317577548005908,624,False,0.0,2023-05-26,2026-05-18,1089,94.6824224519941,"[863, 17337, 5044, 14366, 7196]",7.0,265.0,2205.0,4530.0,7825.0,13052.0,35155.0,5449.717628705148,4316.880762608503,Meters,steps_distance,,False,True,True,medium
wellnessEndTimeGmt,str,677,100.0,0,0.0,677,False,,2023-05-26,2026-05-18,1089,100.0,"[""2023-05-26T22:00:00.0"", ""2023-05-27T22:00:00.0"", ""2023-05-28T22:00:00.0"", ""2023-05-29T22:00:00.0"", ""2023-05-30T22:00:00.0""]",,,,,,,,,,datetime,other,ISO datetime string,False,True,False,low
wellnessEndTimeLocal,str,677,100.0,0,0.0,677,False,,2023-05-26,2026-05-18,1089,100.0,"[""2023-05-27T00:00:00.0"", ""2023-05-28T00:00:00.0"", ""2023-05-29T00:00:00.0"", ""2023-05-30T00:00:00.0"", ""2023-05-31T00:00:00.0""]",,,,,,,,,,datetime,other,ISO datetime string,False,True,False,low
wellnessKilocalories,Int64,677,100.0,0,0.0,480,False,0.0,2023-05-26,2026-05-18,1089,100.0,"[2158, 2756, 2660, 2559, 2306]",408.0,1901.0,2077.0,2257.0,2506.0,2872.2,4461.0,2286.7607090103397,403.9534751809163,Kilocalories,calories,,False,True,True,low
wellnessStartTimeGmt,str,677,100.0,0,0.0,677,False,,2023-05-26,2026-05-18,1089,100.0,"[""2023-05-25T22:00:00.0"", ""2023-05-26T22:00:00.0"", ""2023-05-27T22:00:00.0"", ""2023-05-28T22:00:00.0"", ""2023-05-29T22:00:00.0""]",,,,,,,,,,datetime,other,ISO datetime string,False,True,False,low
wellnessStartTimeLocal,str,677,100.0,0,0.0,677,False,,2023-05-26,2026-05-18,1089,100.0,"[""2023-05-26T00:00:00.0"", ""2023-05-27T00:00:00.0"", ""2023-05-28T00:00:00.0"", ""2023-05-29T00:00:00.0"", ""2023-05-30T00:00:00.0""]",,,,,,,,,,datetime,other,ISO datetime string,False,True,False,low
wellnessTotalKilocalories,Int64,677,100.0,0,0.0,480,False,0.0,2023-05-26,2026-05-18,1089,100.0,"[2158, 2756, 2660, 2559, 2306]",408.0,1901.0,2077.0,2257.0,2506.0,2872.2,4461.0,2286.7607090103397,403.9534751809163,Kilocalories,calories,,False,True,True,low
sleepStartTimestampGMT,Int64,556,82.12703101920236,121,17.872968980797637,556,False,0.0,2023-05-27,2026-05-18,1088,82.24852071005917,"[1685148480, 1685236980, 1685320500, 1685408220, 1685488500]",1685148480.0,1687546815.0,1698336015.0,1716111960.0,1762148205.0,1775705430.0,1779063720.0,1728560237.913669,32765701.25065332,s,sleep,epoch seconds timestamp,True,True,True,high
sleepEndTimestampGMT,Int64,556,82.12703101920236,121,17.872968980797637,556,False,0.0,2023-05-27,2026-05-18,1088,82.24852071005917,"[1685176920, 1685264159, 1685352240, 1685433900, 1685530018]",1685176920.0,1687568880.0,1698368550.0,1716151320.0,1762176750.0,1775737410.0,1779085200.0,1728590728.6330936,32766262.95059457,s,sleep,epoch seconds timestamp,True,True,True,high
deepSleepSeconds,Int64,556,82.12703101920236,121,17.872968980797637,115,False,0.1798561151079137,2023-05-27,2026-05-18,1088,82.24852071005917,"[5220, 6120, 6420, 4320, 7200]",0.0,3300.0,4860.0,5880.0,6795.0,8160.0,10140.0,5802.841726618705,1501.7126019543036,Seconds,sleep,,False,True,True,high
lightSleepSeconds,Int64,556,82.12703101920236,121,17.872968980797637,256,False,0.0,2023-05-27,2026-05-18,1088,82.24852071005917,"[16260, 14700, 19860, 14460, 21000]",3660.0,9045.0,13740.0,16440.0,19320.0,24000.0,29400.0,16476.798561151078,4459.8023431010315,Seconds,sleep,,False,True,True,high
remSleepSeconds,Int64,548,80.94534711964549,129,19.054652880354507,183,False,0.0,2023-05-27,2026-05-18,1088,81.06508875739645,"[6720, 4620, 4740, 6180, 9300]",120.0,2580.0,5205.0,7110.0,8880.0,11580.0,17400.0,7077.919708029197,2785.043768168889,Seconds,sleep,,False,True,True,high
awakeSleepSeconds,Int64,556,82.12703101920236,121,17.872968980797637,83,False,11.690647482014388,2023-05-27,2026-05-18,1088,82.24852071005917,"[240, 1200, 720, 3960, 1680]",0.0,0.0,120.0,600.0,1560.0,3870.0,9660.0,1087.6618705035971,1387.0768800063054,Seconds,sleep,,False,True,True,high
unmeasurableSeconds,Int64,556,82.12703101920236,121,17.872968980797637,27,False,87.58992805755396,2023-05-27,2026-05-18,1088,82.24852071005917,"[0, 480, 900, 780, 540]",0.0,0.0,0.0,0.0,0.0,1035.0,4200.0,146.22302158273382,445.17446391825706,Seconds,other,,False,True,False,low
averageRespiration,float64,542,80.05908419497784,135,19.940915805022154,152,False,0.0,2023-05-27,2026-05-18,1088,80.1775147928994,"[16.0, 15.0, 17.0, 18.0, 14.0]",13.0,14.9905,15.085,16.0,16.6575,17.718499999999995,19.0,16.012195571955722,0.9352664148100628,brpm,respiration,,False,True,True,high
lowestRespiration,float64,542,80.05908419497784,135,19.940915805022154,8,False,0.0,2023-05-27,2026-05-18,1088,80.1775147928994,"[12.0, 9.0, 11.0, 10.0, 13.0]",7.0,8.0,9.0,10.0,11.0,12.0,14.0,10.195571955719558,1.4137360034387922,brpm,respiration,,False,True,True,low
highestRespiration,float64,542,80.05908419497784,135,19.940915805022154,11,False,0.0,2023-05-27,2026-05-18,1088,80.1775147928994,"[22.0, 20.0, 24.0, 23.0, 21.0]",17.0,20.0,21.0,22.0,23.0,25.0,27.0,22.280442804428045,1.6013930475233358,brpm,respiration,,False,True,True,low
avgSleepStress,float64,556,82.12703101920236,121,17.872968980797637,480,False,0.0,2023-05-27,2026-05-18,1088,82.24852071005917,"[5.480000019073486, 8.59000015258789, 8.020000457763672, 6.590000152587891, 13.15999984741211]",3.549999952316284,7.602500081062317,11.795000076293945,15.734999656677246,19.36750030517578,26.300000190734863,70.0,16.429028751198338,7.37488884042669,,stress,,False,True,True,high
awakeCount,Int64,556,82.12703101920236,121,17.872968980797637,7,False,45.50359712230216,2023-05-27,2026-05-18,1088,82.24852071005917,"[0, 2, 1, 4, 3]",0.0,0.0,0.0,1.0,1.0,3.0,7.0,0.9388489208633094,1.126199751303769,,other,,False,True,False,low
restlessMomentCount,Int64,556,82.12703101920236,121,17.872968980797637,75,False,0.0,2023-05-27,2026-05-18,1088,82.24852071005917,"[40, 36, 65, 67, 45]",7.0,22.0,34.0,42.0,53.0,71.25,109.0,44.12410071942446,15.303207992624062,,other,,False,True,False,low
retro,boolean,556,82.12703101920236,121,17.872968980797637,1,True,,2023-05-27,2026-05-18,1088,82.24852071005917,[false],,,,,,,,,,,other,,False,True,False,low
sleepWindowConfirmationType,str,556,82.12703101920236,121,17.872968980797637,1,True,,2023-05-27,2026-05-18,1088,82.24852071005917,"[""ENHANCED_CONFIRMED_FINAL""]",,,,,,,,,,,sleep,,False,True,True,medium
spo2SleepMeasurementStartTimestampGMT,Int64,531,78.43426883308715,146,21.56573116691285,531,False,0.0,2023-05-28,2026-05-18,1087,78.66666666666666,"[1685237040, 1685320560, 1685408280, 1685488560, 1685577240]",1685237040.0,1687522170.0,1699277580.0,1717807080.0,1762687950.0,1775815740.0,1779063780.0,1729814202.7118645,32744273.553396814,s,sleep,epoch seconds timestamp,False,True,True,medium
spo2SleepMeasurementEndTimestampGMT,Int64,531,78.43426883308715,146,21.56573116691285,531,False,0.0,2023-05-28,2026-05-18,1087,78.66666666666666,"[1685253540, 1685339940, 1685426400, 1685512800, 1685599140]",1685253540.0,1687548240.0,1699297140.0,1717826340.0,1762714230.0,1775843970.0,1779084000.0,1729837218.3050847,32746694.135916255,s,sleep,epoch seconds timestamp,False,True,True,medium
spo2SleepAverageSPO2,float64,531,78.43426883308715,146,21.56573116691285,164,False,0.0,2023-05-28,2026-05-18,1087,78.66666666666666,"[94.0, 92.0, 91.0, 93.0, 96.0]",89.0,92.0,93.465,94.18,95.0,96.57499999999999,99.0,94.33086629001883,1.409826967508539,percent,sleep,,False,True,True,medium
spo2SleepAverageHR,float64,516,76.21861152141803,161,23.78138847858198,30,False,0.0,2023-05-28,2026-05-18,1087,76.44444444444444,"[50.0, 48.0, 45.0, 46.0, 47.0]",40.0,45.0,48.0,51.0,54.0,60.0,78.0,51.424418604651166,4.771690857746929,bpm,sleep,,False,True,True,medium
spo2SleepLowestSPO2,Int64,531,78.43426883308715,146,21.56573116691285,21,False,0.0,2023-05-28,2026-05-18,1087,78.66666666666666,"[83, 82, 84, 87, 86]",74.0,78.0,82.0,84.0,86.0,89.0,94.0,84.0225988700565,3.1568221462919754,percent,sleep,,False,True,True,medium
sleepOverallScore,Int64,555,81.97932053175776,122,18.020679468242246,64,False,0.0,2023-05-27,2026-05-18,1088,82.10059171597634,"[98, 82, 90, 85, 69]",18.0,49.0,77.0,84.0,90.0,97.0,100.0,81.05405405405405,13.982994983101218,,sleep,,False,True,True,high
sleepQualityScore,Int64,555,81.97932053175776,122,18.020679468242246,56,False,0.0,2023-05-27,2026-05-18,1088,82.10059171597634,"[97, 88, 89, 93, 75]",29.0,60.0,78.0,85.0,91.0,97.0,100.0,83.03783783783784,11.397178494131149,,sleep,,False,True,True,high
sleepDurationScore,Int64,555,81.97932053175776,122,18.020679468242246,69,False,0.18018018018018017,2023-05-27,2026-05-18,1088,82.10059171597634,"[100, 79, 77, 53, 61]",0.0,50.7,80.5,100.0,100.0,100.0,100.0,89.17117117117117,17.893222137037718,,sleep,,False,True,True,high
sleepRecoveryScore,Int64,555,81.97932053175776,122,18.020679468242246,50,False,3.963963963963964,2023-05-27,2026-05-18,1088,82.10059171597634,"[100, 87, 99, 79, 84]",0.0,44.20000000000002,71.0,79.0,93.0,100.0,100.0,78.11351351351351,20.637749254985152,,sleep,,False,True,True,high
sleepDeepScore,Int64,552,81.53618906942393,125,18.46381093057607,41,False,0.0,2023-05-27,2026-05-18,1088,81.65680473372781,"[93, 100, 87, 96, 79]",30.0,71.0,80.0,100.0,100.0,100.0,100.0,91.21739130434783,11.557000930013409,,sleep,,False,True,True,medium
sleepRemScore,Int64,552,81.53618906942393,125,18.46381093057607,63,False,0.7246376811594203,2023-05-27,2026-05-18,1088,81.65680473372781,"[99, 74, 69, 100, 73]",0.0,57.0,74.0,82.0,99.0,100.0,100.0,82.33333333333333,17.02750346258015,,sleep,,False,True,True,medium
sleepLightScore,Int64,552,81.53618906942393,125,18.46381093057607,45,False,0.0,2023-05-27,2026-05-18,1088,81.65680473372781,"[92, 91, 80, 94, 77]",26.0,71.0,84.0,94.0,100.0,100.0,100.0,90.3804347826087,11.165485831696172,,sleep,,False,True,True,medium
sleepAwakeningsCountScore,Int64,555,81.97932053175776,122,18.020679468242246,6,False,0.7207207207207207,2023-05-27,2026-05-18,1088,82.10059171597634,"[100, 74, 87, 32, 61]",0.0,61.0,87.0,87.0,100.0,100.0,100.0,86.98918918918919,17.073103339599637,,sleep,,False,True,True,medium
sleepAwakeTimeScore,Int64,555,81.97932053175776,122,18.020679468242246,71,False,1.6216216216216217,2023-05-27,2026-05-18,1088,82.10059171597634,"[100, 80, 91, 34, 70]",0.0,34.0,74.0,93.0,100.0,100.0,100.0,83.59099099099099,22.310985256047893,,sleep,,False,True,True,medium
sleepCombinedAwakeScore,Int64,555,81.97932053175776,122,18.020679468242246,71,False,0.18018018018018017,2023-05-27,2026-05-18,1088,82.10059171597634,"[100, 77, 89, 33, 78]",0.0,41.400000000000006,77.0,91.0,100.0,100.0,100.0,85.13693693693693,18.774242705277512,,sleep,,False,True,True,medium
sleepRestfulnessScore,Int64,555,81.97932053175776,122,18.020679468242246,61,False,0.18018018018018017,2023-05-27,2026-05-18,1088,82.10059171597634,"[79, 84, 64, 78, 73]",0.0,57.0,73.0,83.0,92.0,100.0,100.0,81.37837837837837,13.89611667831837,,sleep,,False,True,True,medium
sleepInterruptionsScore,Int64,555,81.97932053175776,122,18.020679468242246,69,False,0.0,2023-05-27,2026-05-18,1088,82.10059171597634,"[95, 78, 83, 86, 40]",12.0,48.0,76.0,89.0,97.0,100.0,100.0,84.17477477477478,16.002935586228546,,sleep,,False,True,True,medium
sleepFeedback,str,556,82.12703101920236,121,17.872968980797637,31,False,,2023-05-27,2026-05-18,1088,82.24852071005917,"[""POSITIVE_HIGHLY_RECOVERING"", ""POSITIVE_RECOVERING"", ""NEGATIVE_LONG_BUT_DISCONTINUOUS"", ""POSITIVE_LONG_AND_RECOVERING"", ""POSITIVE_SHORT_BUT_RECOVERING""]",,,,,,,,,,,sleep,,False,True,True,medium
sleepInsight,str,556,82.12703101920236,121,17.872968980797637,10,False,,2023-05-27,2026-05-18,1088,82.24852071005917,"[""NONE"", ""POSITIVE_LATE_BED_TIME"", ""POSITIVE_RESTFUL_DAY"", ""NEGATIVE_LATE_BED_TIME"", ""POSITIVE_EXERCISE""]",,,,,,,,,,,sleep,,False,True,True,medium
