column,family,signal,phase,window,metric,description,unit,dtype,non_null_count,non_null_pct,missing_count,missing_pct,n_unique,is_all_null,is_constant_non_null,is_mostly_missing,is_sparse_or_rare,zero_pct,min,p05,p25,median,p75,p95,max,mean,std,example_values,analysis_role,recommended_for_eda,candidate_model_feature,caution
analysis_window_id,identity/window metadata,metadata,metadata,not_windowed,analysis_window_id,"Identifier, UTC/local semantic-window timestamp, duration, or local offset metadata.",metadata,str,589,100.0,0,0.0,589,False,False,False,False,,,,,,,,,,,2023-05-27_0001_observed; 2023-05-28_0002_observed; 2023-05-29_0003_observed,identifier,False,False,
calendarDate,identity/window metadata,metadata,metadata,not_windowed,calendarDate,"Identifier, UTC/local semantic-window timestamp, duration, or local offset metadata.",date,datetime64[us],589,100.0,0,0.0,589,False,False,False,False,,,,,,,,,,,2023-05-27 00:00:00; 2023-05-28 00:00:00; 2023-05-29 00:00:00,identifier,False,False,
sleep_hr_histogram_entropy,distribution/shape,hr,sleep,sleep_phase,histogram_entropy,Distribution entropy over fixed maximum-heart-rate zone bins derived from the configured max HR.,bits,float64,555,94.22750424448218,34,5.772495755517826,26,False,False,False,True,95.4954954954955,-0.0,-0.0,-0.0,0.0,-0.0,0.0,0.5127951990577375,0.0037201119055388144,0.030142725958585637,-0; 0.0284; 0.03894,feature,True,True,sparse or rare-event style feature
sleep_hr_iqr,distribution/shape,hr,sleep,sleep_phase,iqr,iqr for hr in sleep.,bpm,float64,555,94.22750424448218,34,5.772495755517826,29,False,False,False,False,0.0,3.0,5.0,6.0,7.0,8.0,11.0,17.0,7.396846846846847,1.9547963567502196,5; 7; 6,feature,True,True,
sleep_hr_kurtosis,distribution/shape,hr,sleep,sleep_phase,kurtosis,kurtosis for hr in sleep.,bpm,float64,555,94.22750424448218,34,5.772495755517826,555,False,False,False,False,0.0,-1.068969681013388,-0.3992812908355724,0.4082321699888738,1.1906625882591948,2.7294469315255143,7.155679942900644,20.589743446288644,2.0725034490835617,2.7953003400633745,1.216; 8.716; 14.65,feature,True,True,
sleep_hr_mad,distribution/shape,hr,sleep,sleep_phase,mad,mad for hr in sleep.,bpm,float64,555,94.22750424448218,34,5.772495755517826,10,False,False,False,False,0.0,2.0,2.0,3.0,3.0,4.0,5.0,7.5,3.546846846846847,0.9546302354597941,3; 2; 4.5,feature,True,True,
sleep_hr_max,distribution/shape,hr,sleep,sleep_phase,max,max for hr in sleep.,bpm,float64,555,94.22750424448218,34,5.772495755517826,49,False,False,False,False,0.0,56.0,65.0,70.0,75.0,82.0,94.29999999999995,120.0,76.75855855855856,9.634551827315974,67; 90; 96,feature,True,True,
sleep_hr_mean,distribution/shape,hr,sleep,sleep_phase,mean,mean for hr in sleep.,bpm,float64,555,94.22750424448218,34,5.772495755517826,555,False,False,False,False,0.0,42.415162454873645,46.27893832943013,48.879529272766845,51.401015228426395,53.79549375233122,59.07612521000972,78.72448979591837,51.96942713034731,4.5044742886829,48.87; 49.35; 48.18,feature,True,True,
sleep_hr_median,distribution/shape,hr,sleep,sleep_phase,median,median for hr in sleep.,bpm,float64,555,94.22750424448218,34,5.772495755517826,38,False,False,False,False,0.0,42.0,45.0,48.0,50.0,53.0,59.0,77.0,50.936036036036036,4.507946792830378,48; 47; 45,feature,True,True,
sleep_hr_min,distribution/shape,hr,sleep,sleep_phase,min,min for hr in sleep.,bpm,float64,555,94.22750424448218,34,5.772495755517826,27,False,False,False,False,0.0,34.0,38.0,40.0,42.0,44.0,48.0,66.0,42.369369369369366,3.7635710661381934,41; 40; 39,feature,True,True,
sleep_hr_p10,distribution/shape,hr,sleep,sleep_phase,p10,p10 for hr in sleep.,bpm,float64,555,94.22750424448218,34,5.772495755517826,46,False,False,False,False,0.0,37.0,40.82,43.0,45.0,47.25,52.0,71.0,45.660180180180184,4.09086655327747,44; 43; 41,feature,True,True,
sleep_hr_p25,distribution/shape,hr,sleep,sleep_phase,p25,p25 for hr in sleep.,bpm,float64,555,94.22750424448218,34,5.772495755517826,39,False,False,False,False,0.0,39.0,42.0,45.0,47.0,49.5,54.0,74.0,47.72792792792793,4.245886640523389,46; 45; 44,feature,True,True,
sleep_hr_p75,distribution/shape,hr,sleep,sleep_phase,p75,p75 for hr in sleep.,bpm,float64,555,94.22750424448218,34,5.772495755517826,47,False,False,False,False,0.0,45.0,49.0,52.0,54.5,57.0,64.0,84.0,55.12477477477478,4.993991316932572,51; 52; 50,feature,True,True,
sleep_hr_p90,distribution/shape,hr,sleep,sleep_phase,p90,p90 for hr in sleep.,bpm,float64,555,94.22750424448218,34,5.772495755517826,87,False,False,False,False,0.0,47.0,53.0,56.0,59.0,62.0,69.0,96.0,59.62558558558558,5.457530822185756,55; 57; 56,feature,True,True,
sleep_hr_range,distribution/shape,hr,sleep,sleep_phase,range,range for hr in sleep.,bpm,float64,555,94.22750424448218,34,5.772495755517826,48,False,False,False,False,0.0,17.0,23.0,28.0,33.0,39.0,51.0,71.0,34.38918918918919,8.773417583777864,26; 50; 55,feature,True,True,
sleep_hr_skewness,distribution/shape,hr,sleep,sleep_phase,skewness,skewness for hr in sleep.,bpm,float64,555,94.22750424448218,34,5.772495755517826,555,False,False,False,False,0.0,-0.026789996801687126,0.4253506666862519,0.772209385852278,0.9986266784342757,1.3334348945502044,2.0086754003506426,3.655877667501346,1.09731337969712,0.513650866881875,0.9825; 2.366; 2.744,feature,True,True,
sleep_hr_std,distribution/shape,hr,sleep,sleep_phase,std,std for hr in sleep.,bpm,float64,555,94.22750424448218,34,5.772495755517826,555,False,False,False,False,0.0,2.665206167323028,4.152600820435048,4.962118531357596,5.640317105248572,6.482428189651593,7.7047210812383735,15.387496487893662,5.787257758573452,1.224209382881899,4.203; 7.014; 5.824,feature,True,True,
sleep_stress_histogram_entropy,distribution/shape,stress,sleep,sleep_phase,histogram_entropy,Distribution entropy over fixed Garmin-like stress-state bins across valid stress values from 0 to 100.,bits,float64,555,94.22750424448218,34,5.772495755517826,550,False,False,False,False,0.9009009009009009,-0.0,0.07740100946286876,0.22305939093112598,0.4212390508753057,0.7624009785076544,1.2772825525106342,1.741143490301878,0.522997826971971,0.3786527843666162,0.09268; 0.348; 0.281,feature,True,True,
sleep_stress_iqr,distribution/shape,stress,sleep,sleep_phase,iqr,iqr for stress in sleep.,stress points,float64,555,94.22750424448218,34,5.772495755517826,51,False,False,False,False,0.0,4.0,6.425000000000001,9.0,11.0,13.0,18.0,40.0,11.313063063063064,4.276911151289333,7; 11; 10,feature,True,True,
sleep_stress_kurtosis,distribution/shape,stress,sleep,sleep_phase,kurtosis,kurtosis for stress in sleep.,stress points,float64,555,94.22750424448218,34,5.772495755517826,555,False,False,False,False,0.0,-1.4267486960580857,-0.08267084858185432,2.0488432296924657,4.1063441927533315,7.023042166592566,16.012962880842828,43.92848907994528,5.481232349839449,5.314658213023936,8.291; 14.97; 4.379,feature,True,True,
sleep_stress_mad,distribution/shape,stress,sleep,sleep_phase,mad,mad for stress in sleep.,stress points,float64,555,94.22750424448218,34,5.772495755517826,22,False,False,False,False,0.0,1.0,3.0,4.0,5.0,6.0,8.0,17.5,5.293693693693694,1.8993255929350945,3; 6; 5,feature,True,True,
sleep_stress_max,distribution/shape,stress,sleep,sleep_phase,max,max for stress in sleep.,stress points,float64,555,94.22750424448218,34,5.772495755517826,73,False,False,False,False,0.0,19.0,36.0,54.0,67.0,77.0,89.0,97.0,65.13153153153154,16.051796688647986,51; 89; 54,feature,True,True,
sleep_stress_mean,distribution/shape,stress,sleep,sleep_phase,mean,mean for stress in sleep.,stress points,float64,555,94.22750424448218,34,5.772495755517826,554,False,False,False,False,0.0,3.246520874751491,6.496918532886616,10.214450926916836,13.573221757322175,18.143133369247344,26.945414792603692,69.55924170616113,14.934057689217468,7.251959894079938,5.536; 9.316; 7.866,feature,True,True,
sleep_stress_median,distribution/shape,stress,sleep,sleep_phase,median,median for stress in sleep.,stress points,float64,555,94.22750424448218,34,5.772495755517826,46,False,False,False,False,0.0,1.0,4.0,9.0,12.0,16.0,23.0,75.0,12.918018018018017,7.128551881525677,4; 7; 6,feature,True,True,
sleep_stress_min,distribution/shape,stress,sleep,sleep_phase,min,min for stress in sleep.,stress points,float64,555,94.22750424448218,34,5.772495755517826,19,False,False,False,False,42.16216216216216,0.0,0.0,0.0,1.0,2.0,8.0,27.0,1.8684684684684685,3.1740496763763577,0; 1; 5,feature,True,True,
sleep_stress_p10,distribution/shape,stress,sleep,sleep_phase,p10,p10 for stress in sleep.,stress points,float64,555,94.22750424448218,34,5.772495755517826,50,False,False,False,False,7.027027027027027,0.0,0.0,1.0,4.0,7.0,14.0,46.0,5.038378378378379,5.03751199503019,0; 2; 1,feature,True,True,
sleep_stress_p25,distribution/shape,stress,sleep,sleep_phase,p25,p25 for stress in sleep.,stress points,float64,555,94.22750424448218,34,5.772495755517826,48,False,False,False,False,0.9009009009009009,0.0,1.0,4.0,7.0,11.0,17.0,62.0,8.022522522522523,6.0959621059550955,1; 2; 5,feature,True,True,
sleep_stress_p75,distribution/shape,stress,sleep,sleep_phase,p75,p75 for stress in sleep.,stress points,float64,555,94.22750424448218,34,5.772495755517826,61,False,False,False,False,0.0,5.0,9.0,14.0,18.0,22.0,32.0,81.0,19.335585585585587,8.623800053328708,8; 13; 11,feature,True,True,
sleep_stress_p90,distribution/shape,stress,sleep,sleep_phase,p90,p90 for stress in sleep.,stress points,float64,555,94.22750424448218,34,5.772495755517826,121,False,False,False,False,0.0,9.0,15.0,20.0,24.0,30.25,48.299999999999955,85.0,26.8009009009009,11.10303988481862,14; 19; 16,feature,True,True,
sleep_stress_range,distribution/shape,stress,sleep,sleep_phase,range,range for stress in sleep.,stress points,float64,555,94.22750424448218,34,5.772495755517826,73,False,False,False,False,0.0,19.0,35.7,53.0,65.0,74.0,86.0,97.0,63.263063063063065,15.253272742476724,51; 89; 54,feature,True,True,
sleep_stress_skewness,distribution/shape,stress,sleep,sleep_phase,skewness,skewness for stress in sleep.,stress points,float64,555,94.22750424448218,34,5.772495755517826,555,False,False,False,False,0.0,-0.9462051240669175,0.6631062922271723,1.2305055877032127,1.650998811190602,2.056695388059286,3.005144680329417,5.124248502716271,1.6961734256063534,0.7329915252700423,2.184; 2.922; 1.805,feature,True,True,
sleep_stress_std,distribution/shape,stress,sleep,sleep_phase,std,std for stress in sleep.,stress points,float64,555,94.22750424448218,34,5.772495755517826,555,False,False,False,False,0.0,3.885393816897755,6.045754348832688,7.436842122041055,8.986705139884963,11.604439751096734,15.996505926147982,21.234895902725587,9.781187995785455,3.1191250764262226,6.194; 10.12; 8.329,feature,True,True,
wake_hr_histogram_entropy,distribution/shape,hr,wake,wake_phase,histogram_entropy,Distribution entropy over fixed maximum-heart-rate zone bins derived from the configured max HR.,bits,float64,557,94.56706281833617,32,5.432937181663837,547,False,False,False,False,1.7953321364452424,-0.0,0.07511260309193073,0.339439224119315,0.5779700894737837,0.8571813969114831,1.2828166993278964,2.102719125897853,0.6214372058210484,0.37305035113650775,0.8392; 1.058; 0.5694,feature,True,True,
wake_hr_iqr,distribution/shape,hr,wake,wake_phase,iqr,iqr for hr in wake.,bpm,float64,557,94.56706281833617,32,5.432937181663837,71,False,False,False,False,0.0,3.0,11.0,15.0,18.0,22.0,29.0,43.0,18.700179533213646,5.505086595484415,24; 33.25; 21,feature,True,True,
wake_hr_kurtosis,distribution/shape,hr,wake,wake_phase,kurtosis,kurtosis for hr in wake.,bpm,float64,557,94.56706281833617,32,5.432937181663837,557,False,False,False,False,0.0,-0.9687671043740034,-0.6523798629656627,0.03853828260701553,0.7584726422065002,1.86215970926119,4.0974024451716655,7.164857936687852,1.1022482874247177,1.4559556910980023,1.042; 1.215; 0.2552,feature,True,True,
wake_hr_mad,distribution/shape,hr,wake,wake_phase,mad,mad for hr in wake.,bpm,float64,557,94.56706281833617,32,5.432937181663837,26,False,False,False,False,0.0,2.0,5.4,7.0,9.0,10.0,14.0,22.0,8.947935368043089,2.681471140767145,11; 16.5; 10.5,feature,True,True,
wake_hr_max,distribution/shape,hr,wake,wake_phase,max,max for hr in wake.,bpm,float64,557,94.56706281833617,32,5.432937181663837,90,False,False,False,False,0.0,83.0,102.0,120.0,134.0,148.0,166.0,183.0,134.3644524236984,19.632760156911093,160; 176; 121,feature,True,True,
wake_hr_mean,distribution/shape,hr,wake,wake_phase,mean,mean for hr in wake.,bpm,float64,557,94.56706281833617,32,5.432937181663837,557,False,False,False,False,0.0,52.036144578313255,66.0171400730816,71.70274390243902,77.20496894409938,82.96942675159235,90.72097659050272,112.24971231300346,77.64100317629784,7.983097213393142,79.44; 79.26; 69.78,feature,True,True,
wake_hr_median,distribution/shape,hr,wake,wake_phase,median,median for hr in wake.,bpm,float64,557,94.56706281833617,32,5.432937181663837,52,False,False,False,False,0.0,49.0,63.0,69.5,75.0,81.0,89.0,111.0,75.42549371633753,8.33377523547727,76; 75.5; 65,feature,True,True,
wake_hr_min,distribution/shape,hr,wake,wake_phase,min,min for hr in wake.,bpm,float64,557,94.56706281833617,32,5.432937181663837,34,False,False,False,False,0.0,31.0,41.0,45.0,48.0,52.0,58.0,73.0,48.703770197486534,5.508622599977796,48; 43; 46,feature,True,True,
wake_hr_p10,distribution/shape,hr,wake,wake_phase,p10,p10 for hr in wake.,bpm,float64,557,94.56706281833617,32,5.432937181663837,78,False,False,False,False,0.0,43.0,51.0,56.0,60.900000000000006,66.0,73.0,86.0,61.020825852782764,6.903707850335114,58; 55; 51,feature,True,True,
wake_hr_p25,distribution/shape,hr,wake,wake_phase,p25,p25 for hr in wake.,bpm,float64,557,94.56706281833617,32,5.432937181663837,59,False,False,False,False,0.0,44.0,56.0,62.0,67.0,72.0,80.0,96.0,67.12208258527828,7.528306652151928,67; 60; 56,feature,True,True,
wake_hr_p75,distribution/shape,hr,wake,wake_phase,p75,p75 for hr in wake.,bpm,float64,557,94.56706281833617,32,5.432937181663837,80,False,False,False,False,0.0,56.0,71.0,79.0,86.0,92.0,101.19999999999993,124.0,85.82226211849192,9.45800307527273,91; 93.25; 77,feature,True,True,
wake_hr_p90,distribution/shape,hr,wake,wake_phase,p90,p90 for hr in wake.,bpm,float64,557,94.56706281833617,32,5.432937181663837,147,False,False,False,False,0.0,63.0,80.92,90.0,97.0,104.0,115.84000000000005,145.0,97.25780969479355,11.029697021563301,105; 107; 97,feature,True,True,
wake_hr_range,distribution/shape,hr,wake,wake_phase,range,range for hr in wake.,bpm,float64,557,94.56706281833617,32,5.432937181663837,91,False,False,False,False,0.0,19.0,53.0,72.0,86.0,100.0,117.19999999999993,138.0,85.66068222621185,19.894464326670366,112; 133; 75,feature,True,True,
wake_hr_skewness,distribution/shape,hr,wake,wake_phase,skewness,skewness for hr in wake.,bpm,float64,557,94.56706281833617,32,5.432937181663837,557,False,False,False,False,0.0,-0.8592054403913357,0.01555727033557813,0.4845246958595363,0.8071518195099133,1.170963492681143,1.7224425700037151,2.328351328914128,0.833151454627549,0.49897610893661254,0.8537; 0.9944; 1.029,feature,True,True,
wake_hr_std,distribution/shape,hr,wake,wake_phase,std,std for hr in wake.,bpm,float64,557,94.56706281833617,32,5.432937181663837,557,False,False,False,False,0.0,4.534532332123609,9.56111819951858,12.42662830786446,14.408322291955917,16.71651786810045,20.604059636851876,27.238629879038648,14.660370422401353,3.425326804885143,17.8; 22.48; 17.78,feature,True,True,
wake_stress_histogram_entropy,distribution/shape,stress,wake,wake_phase,histogram_entropy,Distribution entropy over fixed Garmin-like stress-state bins across valid stress values from 0 to 100.,bits,float64,557,94.56706281833617,32,5.432937181663837,557,False,False,False,False,0.0,0.4982323592098741,1.1752768867037493,1.62960561123725,1.7808450558434024,1.890307518592746,1.9628525107160948,1.9979059494242404,1.714668666233497,0.24497239412329247,1.966; 1.952; 1.573,feature,True,True,
wake_stress_iqr,distribution/shape,stress,wake,wake_phase,iqr,iqr for stress in wake.,stress points,float64,557,94.56706281833617,32,5.432937181663837,106,False,False,False,False,0.0,6.75,16.0,28.0,34.0,41.0,50.39999999999995,67.0,34.21543985637343,10.21948513928622,42; 55; 25,feature,True,True,
wake_stress_kurtosis,distribution/shape,stress,wake,wake_phase,kurtosis,kurtosis for stress in wake.,stress points,float64,557,94.56706281833617,32,5.432937181663837,557,False,False,False,False,0.0,-1.623175192124649,-1.399606304459805,-1.1499221518071694,-0.8986116455089457,-0.3488265945299305,1.8988613386465536,10.206476610951901,-0.51023371703956,1.187385074729636,-1.139; -1.397; 0.1482,feature,True,True,
wake_stress_mad,distribution/shape,stress,wake,wake_phase,mad,mad for stress in wake.,stress points,float64,557,94.56706281833617,32,5.432937181663837,47,False,False,False,False,0.0,3.0,7.0,12.0,15.0,18.5,23.0,33.0,15.308797127468582,4.902622112709448,21; 18.5; 10,feature,True,True,
wake_stress_max,distribution/shape,stress,wake,wake_phase,max,max for stress in wake.,stress points,float64,557,94.56706281833617,32,5.432937181663837,18,False,False,False,False,0.0,66.0,92.0,97.0,99.0,99.0,99.0,100.0,97.22800718132855,3.5206605100801007,98; 99; 97,feature,True,True,
wake_stress_mean,distribution/shape,stress,wake,wake_phase,mean,mean for stress in wake.,stress points,float64,557,94.56706281833617,32,5.432937181663837,557,False,False,False,False,0.0,14.870192307692308,35.98540010598834,47.19795918367347,56.33799533799534,65.30442477876106,75.97589499793301,86.1016393442623,55.84937413123812,12.472730299455318,53.86; 48.7; 31.39,feature,True,True,
wake_stress_median,distribution/shape,stress,wake,wake_phase,median,median for stress in wake.,stress points,float64,557,94.56706281833617,32,5.432937181663837,94,False,False,False,False,0.0,10.5,28.0,42.0,57.5,70.0,82.0,90.0,56.272890484739676,17.03529026069949,54; 36.5; 25,feature,True,True,
wake_stress_min,distribution/shape,stress,wake,wake_phase,min,min for stress in wake.,stress points,float64,557,94.56706281833617,32,5.432937181663837,33,False,False,False,False,3.4111310592459607,0.0,1.0,4.0,10.0,14.0,22.0,40.0,10.093357271095153,6.81575235107149,6; 1; 0,feature,True,True,
wake_stress_p10,distribution/shape,stress,wake,wake_phase,p10,p10 for stress in wake.,stress points,float64,557,94.56706281833617,32,5.432937181663837,116,False,False,False,False,0.0,1.0,12.0,20.0,25.0,32.0,50.19999999999993,78.0,27.218491921005384,11.746040971988982,21; 18; 12,feature,True,True,
wake_stress_p25,distribution/shape,stress,wake,wake_phase,p25,p25 for stress in wake.,stress points,float64,557,94.56706281833617,32,5.432937181663837,112,False,False,False,False,0.0,2.0,19.0,27.0,36.0,48.0,69.0,82.0,38.83213644524237,15.388676486861675,33; 23; 17,feature,True,True,
wake_stress_p75,distribution/shape,stress,wake,wake_phase,p75,p75 for stress in wake.,stress points,float64,557,94.56706281833617,32,5.432937181663837,99,False,False,False,False,0.0,20.0,47.0,66.0,76.0,83.0,90.0,96.0,73.0475763016158,13.504137887558347,75; 78; 42,feature,True,True,
wake_stress_p90,distribution/shape,stress,wake,wake_phase,p90,p90 for stress in wake.,stress points,float64,557,94.56706281833617,32,5.432937181663837,105,False,False,False,False,0.0,37.0,66.0,79.0,86.0,90.0,95.0,98.0,83.90879712746857,9.390159379217225,89; 92; 61,feature,True,True,
wake_stress_range,distribution/shape,stress,wake,wake_phase,range,range for stress in wake.,stress points,float64,557,94.56706281833617,32,5.432937181663837,38,False,False,False,False,0.0,26.0,75.0,83.0,88.0,92.0,97.0,99.0,87.13464991023339,7.614229009247411,92; 98; 96,feature,True,True,
wake_stress_skewness,distribution/shape,stress,wake,wake_phase,skewness,skewness for stress in wake.,stress points,float64,557,94.56706281833617,32,5.432937181663837,557,False,False,False,False,0.0,-2.974966001691844,-1.2044260435738552,-0.5228151372482533,-0.08322425896648179,0.3591282300045679,1.0552886115328306,1.9316507007060733,-0.09168582314976244,0.7049307663263298,0.04954; 0.3861; 0.9431,feature,True,True,
wake_stress_std,distribution/shape,stress,wake,wake_phase,std,std for stress in wake.,stress points,float64,557,94.56706281833617,32,5.432937181663837,557,False,False,False,False,0.0,7.376188939100335,15.667404222344757,19.290657645258953,21.5960527438775,23.71728691078328,27.28536348074181,33.1916111371291,21.50912214092917,3.5882352889406812,24.36; 28.82; 18.97,feature,True,True,
sleep_stress_frac_active,stress state fractions,stress,sleep,sleep_phase,frac_active,"Share of eligible stress-state minutes with raw `-2` and same-minute valid HR, treated as an active/large-motion proxy rather than numeric stress.",fraction 0..1,float64,555,94.22750424448218,34,5.772495755517826,232,False,False,False,False,53.69369369369369,0.0,0.0,0.0,0.0,0.0035336130256717613,0.010297131147540975,0.12987012987012986,0.0028689627449367374,0.0082433663036675,0; 0.009153; 0.005725,feature,True,True,
sleep_stress_frac_high,stress state fractions,stress,sleep,sleep_phase,frac_high,Share of eligible raw stress minutes in a fixed Garmin-like numeric stress state; raw `-1` and raw `-2` without same-minute valid HR are excluded from the denominator.,fraction 0..1,float64,555,94.22750424448218,34,5.772495755517826,148,False,False,False,False,71.89189189189189,0.0,0.0,0.0,0.0,0.0018282513294094447,0.01318150281164637,0.4507042253521127,0.003703017059287734,0.02252662721770849,0; 0.002288; 0.005848,feature,True,True,
sleep_stress_frac_low,stress state fractions,stress,sleep,sleep_phase,frac_low,Share of eligible raw stress minutes in a fixed Garmin-like numeric stress state; raw `-1` and raw `-2` without same-minute valid HR are excluded from the denominator.,fraction 0..1,float64,555,94.22750424448218,34,5.772495755517826,540,False,False,False,False,1.0810810810810811,0.0,0.007664250642974048,0.027228596646072373,0.06772009029345373,0.14373752909876952,0.3144946808510635,0.7294117647058823,0.10400588788694841,0.10866614930974233,0.008511; 0.04119; 0.04389,feature,True,True,
sleep_stress_frac_medium,stress state fractions,stress,sleep,sleep_phase,frac_medium,Share of eligible raw stress minutes in a fixed Garmin-like numeric stress state; raw `-1` and raw `-2` without same-minute valid HR are excluded from the denominator.,fraction 0..1,float64,555,94.22750424448218,34,5.772495755517826,422,False,False,False,False,20.9009009009009,0.0,0.0,0.0018536079215540758,0.006837606837606838,0.022574839629365646,0.07704759269507469,0.45032051282051283,0.0218554758469155,0.04905049726713383,0.002128; 0.009153; 0.001908,feature,True,True,
sleep_stress_frac_resting,stress state fractions,stress,sleep,sleep_phase,frac_resting,Share of eligible raw stress minutes in a fixed Garmin-like numeric stress state; raw `-1` and raw `-2` without same-minute valid HR are excluded from the denominator.,fraction 0..1,float64,555,94.22750424448218,34,5.772495755517826,551,False,False,False,False,0.18018018018018017,0.0,0.5800897277227722,0.8287838555496548,0.9215291750503019,0.9657131661442007,0.9902357777357778,1.0,0.8675666564619117,0.1545625661266498,0.9894; 0.9382; 0.9485,feature,True,True,
wake_stress_frac_active,stress state fractions,stress,wake,wake_phase,frac_active,"Share of eligible stress-state minutes with raw `-2` and same-minute valid HR, treated as an active/large-motion proxy rather than numeric stress.",fraction 0..1,float64,557,94.56706281833617,32,5.432937181663837,553,False,False,False,False,0.0,0.009523809523809525,0.05336312125627327,0.13456090651558072,0.18571428571428572,0.24026696329254726,0.35958697221281494,0.6526195899772209,0.19484184499795093,0.09535664662602,0.2934; 0.2083; 0.2465,feature,True,True,
wake_stress_frac_high,stress state fractions,stress,wake,wake_phase,frac_high,Share of eligible raw stress minutes in a fixed Garmin-like numeric stress state; raw `-1` and raw `-2` without same-minute valid HR are excluded from the denominator.,fraction 0..1,float64,557,94.56706281833617,32,5.432937181663837,552,False,False,False,False,0.8976660682226212,0.0,0.0420500597860542,0.11025358324145534,0.20229007633587787,0.30982367758186397,0.5050550246242791,0.6595238095238095,0.22393610219132315,0.14136177981712883,0.1659; 0.2139; 0.01728,feature,True,True,
wake_stress_frac_low,stress state fractions,stress,wake,wake_phase,frac_low,Share of eligible raw stress minutes in a fixed Garmin-like numeric stress state; raw `-1` and raw `-2` without same-minute valid HR are excluded from the denominator.,fraction 0..1,float64,557,94.56706281833617,32,5.432937181663837,548,False,False,False,False,0.17953321364452424,0.0,0.06110391293081109,0.14447592067988668,0.21799746514575413,0.29954614220877457,0.3994567126511261,0.6451612903225806,0.22315044871327555,0.1066657168499559,0.2088; 0.2028; 0.22,feature,True,True,
wake_stress_frac_medium,stress state fractions,stress,wake,wake_phase,frac_medium,Share of eligible raw stress minutes in a fixed Garmin-like numeric stress state; raw `-1` and raw `-2` without same-minute valid HR are excluded from the denominator.,fraction 0..1,float64,557,94.56706281833617,32,5.432937181663837,552,False,False,False,False,0.0,0.011389521640091117,0.10280219367440463,0.1702944942381562,0.22700296735905046,0.28255813953488373,0.3851404182671785,0.75,0.2310573378828775,0.08953672276027107,0.2121; 0.1194; 0.129,feature,True,True,
wake_stress_frac_resting,stress state fractions,stress,wake,wake_phase,frac_resting,Share of eligible raw stress minutes in a fixed Garmin-like numeric stress state; raw `-1` and raw `-2` without same-minute valid HR are excluded from the denominator.,fraction 0..1,float64,557,94.56706281833617,32,5.432937181663837,544,False,False,False,False,2.154398563734291,0.0,0.0029382660288653022,0.033760186263096625,0.08944954128440367,0.18861607142857142,0.37694380222460905,0.819047619047619,0.12701426621457285,0.12394304385944674,0.1198; 0.2556; 0.3871,feature,True,True,
sleep_hr_frac_above_mhr,HR MHR zones,hr,sleep,sleep_phase,frac_above_mhr,Share of valid HR minutes in a fixed maximum-heart-rate zone derived from the configured max HR.,fraction 0..1,float64,555,94.22750424448218,34,5.772495755517826,1,False,True,False,True,100.0,0.0,0.0,0.0,0.0,0.0,0.0,0.0,0.0,0.0,0,feature,True,False,constant among non-null values; sparse or rare-event style feature
sleep_hr_frac_below_zone1,HR MHR zones,hr,sleep,sleep_phase,frac_below_zone1,Share of valid HR minutes in a fixed maximum-heart-rate zone derived from the configured max HR.,fraction 0..1,float64,555,94.22750424448218,34,5.772495755517826,26,False,False,False,False,0.0,0.8954081632653061,1.0,1.0,1.0,1.0,1.0,1.0,0.9994188733429231,0.005678352126720804,1; 0.9971; 0.9958,feature,True,True,
sleep_hr_frac_zone1,HR MHR zones,hr,sleep,sleep_phase,frac_zone1,Share of valid HR minutes in a fixed maximum-heart-rate zone derived from the configured max HR.,fraction 0..1,float64,555,94.22750424448218,34,5.772495755517826,26,False,False,False,True,95.4954954954955,0.0,0.0,0.0,0.0,0.0,0.0,0.09948979591836735,0.0005719337907413661,0.005511641101800142,0; 0.002874; 0.004167,feature,True,True,sparse or rare-event style feature
sleep_hr_frac_zone2,HR MHR zones,hr,sleep,sleep_phase,frac_zone2,Share of valid HR minutes in a fixed maximum-heart-rate zone derived from the configured max HR.,fraction 0..1,float64,555,94.22750424448218,34,5.772495755517826,2,False,False,False,True,99.81981981981983,0.0,0.0,0.0,0.0,0.0,0.0,0.00510204081632653,9.192866335723477e-06,0.00021637437572972638,0; 0.005102,feature,True,True,sparse or rare-event style feature
sleep_hr_frac_zone3,HR MHR zones,hr,sleep,sleep_phase,frac_zone3,Share of valid HR minutes in a fixed maximum-heart-rate zone derived from the configured max HR.,fraction 0..1,float64,555,94.22750424448218,34,5.772495755517826,1,False,True,False,True,100.0,0.0,0.0,0.0,0.0,0.0,0.0,0.0,0.0,0.0,0,feature,True,False,constant among non-null values; sparse or rare-event style feature
sleep_hr_frac_zone4,HR MHR zones,hr,sleep,sleep_phase,frac_zone4,Share of valid HR minutes in a fixed maximum-heart-rate zone derived from the configured max HR.,fraction 0..1,float64,555,94.22750424448218,34,5.772495755517826,1,False,True,False,True,100.0,0.0,0.0,0.0,0.0,0.0,0.0,0.0,0.0,0.0,0,feature,True,False,constant among non-null values; sparse or rare-event style feature
sleep_hr_frac_zone5,HR MHR zones,hr,sleep,sleep_phase,frac_zone5,Share of valid HR minutes in a fixed maximum-heart-rate zone derived from the configured max HR.,fraction 0..1,float64,555,94.22750424448218,34,5.772495755517826,1,False,True,False,True,100.0,0.0,0.0,0.0,0.0,0.0,0.0,0.0,0.0,0.0,0,feature,True,False,constant among non-null values; sparse or rare-event style feature
wake_hr_frac_above_mhr,HR MHR zones,hr,wake,wake_phase,frac_above_mhr,Share of valid HR minutes in a fixed maximum-heart-rate zone derived from the configured max HR.,fraction 0..1,float64,557,94.56706281833617,32,5.432937181663837,1,False,True,False,True,100.0,0.0,0.0,0.0,0.0,0.0,0.0,0.0,0.0,0.0,0,feature,True,False,constant among non-null values; sparse or rare-event style feature
wake_hr_frac_below_zone1,HR MHR zones,hr,wake,wake_phase,frac_below_zone1,Share of valid HR minutes in a fixed maximum-heart-rate zone derived from the configured max HR.,fraction 0..1,float64,557,94.56706281833617,32,5.432937181663837,543,False,False,False,False,0.0,0.24050632911392406,0.6482620102256226,0.8071216617210683,0.8858560794044665,0.9445086705202312,0.9908467023172904,1.0,0.862047065798407,0.11006054850957264,0.8182; 0.779; 0.8892,feature,True,True,
wake_hr_frac_zone1,HR MHR zones,hr,wake,wake_phase,frac_zone1,Share of valid HR minutes in a fixed maximum-heart-rate zone derived from the configured max HR.,fraction 0..1,float64,557,94.56706281833617,32,5.432937181663837,543,False,False,False,False,1.7953321364452424,0.0,0.009153297682709447,0.04743083003952569,0.08868894601542417,0.15217391304347827,0.25869236555740954,0.49382716049382713,0.1086251555497318,0.07934246689040658,0.1504; 0.1506; 0.09446,feature,True,True,
wake_hr_frac_zone2,HR MHR zones,hr,wake,wake_phase,frac_zone2,Share of valid HR minutes in a fixed maximum-heart-rate zone derived from the configured max HR.,fraction 0..1,float64,557,94.56706281833617,32,5.432937181663837,452,False,False,False,False,17.594254937163374,0.0,0.0,0.0029940119760479044,0.013729977116704805,0.028901734104046242,0.07626452025976396,0.2646720368239356,0.022724650438607656,0.029638104012136228,0.02245; 0.04558; 0.01637,feature,True,True,
wake_hr_frac_zone3,HR MHR zones,hr,wake,wake_phase,frac_zone3,Share of valid HR minutes in a fixed maximum-heart-rate zone derived from the configured max HR.,fraction 0..1,float64,557,94.56706281833617,32,5.432937181663837,269,False,False,False,False,50.269299820466784,0.0,0.0,0.0,0.0,0.00641025641025641,0.026155207352227643,0.16,0.005450627740242737,0.012375629965466676,0.006734; 0.01657; 0,feature,True,True,
wake_hr_frac_zone4,HR MHR zones,hr,wake,wake_phase,frac_zone4,Share of valid HR minutes in a fixed maximum-heart-rate zone derived from the configured max HR.,fraction 0..1,float64,557,94.56706281833617,32,5.432937181663837,103,False,False,False,False,81.32854578096948,0.0,0.0,0.0,0.0,0.0,0.006418600500817023,0.04948216340621404,0.0010575063316095234,0.0038532062863290382,0.002245; 0.005525; 0,feature,True,True,
wake_hr_frac_zone5,HR MHR zones,hr,wake,wake_phase,frac_zone5,Share of valid HR minutes in a fixed maximum-heart-rate zone derived from the configured max HR.,fraction 0..1,float64,557,94.56706281833617,32,5.432937181663837,12,False,False,False,True,98.02513464991023,0.0,0.0,0.0,0.0,0.0,0.0,0.01929260450160772,9.499414140133932e-05,0.0010122623586740066,0; 0.002762; 0.006441,feature,True,True,sparse or rare-event style feature
sleep_hr_max_abs_jump,variability/gaps,hr,sleep,sleep_phase,max_abs_jump,Gap-aware minute-to-minute variability diagnostic; gaps beyond the configured threshold break segments.,bpm,float64,555,94.22750424448218,34,5.772495755517826,28,False,False,False,False,0.0,9.0,13.0,17.0,20.0,23.0,28.299999999999955,39.0,19.96036036036036,4.80936172797397,13; 31; 37,feature,True,True,
sleep_hr_mean_abs_diff,variability/gaps,hr,sleep,sleep_phase,mean_abs_diff,Gap-aware minute-to-minute variability diagnostic; gaps beyond the configured threshold break segments.,bpm,float64,555,94.22750424448218,34,5.772495755517826,550,False,False,False,False,0.0,1.8819444444444444,2.37593731294553,2.709005376344086,2.9901639344262296,3.271115409413282,3.701309090909091,4.350404312668464,3.007974382037646,0.40578479593030065,2.345; 3.078; 3.013,feature,True,True,
sleep_hr_median_abs_diff,variability/gaps,hr,sleep,sleep_phase,median_abs_diff,Gap-aware minute-to-minute variability diagnostic; gaps beyond the configured threshold break segments.,bpm,float64,555,94.22750424448218,34,5.772495755517826,5,False,False,False,False,0.0,1.0,1.0,2.0,2.0,2.0,2.0,3.0,1.8945945945945946,0.3358028802514892,1; 2; 1.5,feature,True,True,
sleep_hr_roughness,variability/gaps,hr,sleep,sleep_phase,roughness,Gap-aware minute-to-minute variability diagnostic; gaps beyond the configured threshold break segments.,bpm,float64,555,94.22750424448218,34,5.772495755517826,555,False,False,False,False,0.0,5.159722222222222,10.52761454888994,14.408184836911541,17.968354430379748,21.763287657012356,28.60705167173252,39.17520215633423,18.43890508921083,5.565521452756533,9.775; 26.8; 22.53,feature,True,True,
sleep_hr_std_diff,variability/gaps,hr,sleep,sleep_phase,std_diff,Gap-aware minute-to-minute variability diagnostic; gaps beyond the configured threshold break segments.,bpm,float64,555,94.22750424448218,34,5.772495755517826,555,False,False,False,False,0.0,2.2712367973212686,3.242941138443598,3.7936073106947883,4.238110980371089,4.664662797643844,5.346741413938975,6.256778278899647,4.2436741783476855,0.6441181832896203,3.122; 5.176; 4.74,feature,True,True,
sleep_stress_max_abs_jump,variability/gaps,stress,sleep,sleep_phase,max_abs_jump,Gap-aware minute-to-minute variability diagnostic; gaps beyond the configured threshold break segments.,stress points,float64,555,94.22750424448218,34,5.772495755517826,63,False,False,False,False,0.0,10.0,21.0,30.5,40.0,48.0,63.59999999999991,81.0,39.990990990990994,12.94109697474788,33; 44; 34,feature,True,True,
sleep_stress_mean_abs_diff,variability/gaps,stress,sleep,sleep_phase,mean_abs_diff,Gap-aware minute-to-minute variability diagnostic; gaps beyond the configured threshold break segments.,stress points,float64,555,94.22750424448218,34,5.772495755517826,553,False,False,False,False,0.0,1.6187624750499001,2.4110705160960655,2.9024557233251866,3.3215962441314555,3.8337627334316817,5.045750136388433,8.835443037974683,3.468726722433432,0.8680700682325193,2.338; 3.063; 2.365,feature,True,True,
sleep_stress_median_abs_diff,variability/gaps,stress,sleep,sleep_phase,median_abs_diff,Gap-aware minute-to-minute variability diagnostic; gaps beyond the configured threshold break segments.,stress points,float64,555,94.22750424448218,34,5.772495755517826,8,False,False,False,False,0.0,1.0,1.0,2.0,2.0,2.0,3.0,7.0,1.9693693693693695,0.5927174847424547,1; 2; 3,feature,True,True,
sleep_stress_roughness,variability/gaps,stress,sleep,sleep_phase,roughness,Gap-aware minute-to-minute variability diagnostic; gaps beyond the configured threshold break segments.,stress points,float64,555,94.22750424448218,34,5.772495755517826,555,False,False,False,False,0.0,6.378048780487805,15.533667637705975,23.436872457086977,31.973933649289098,45.6582631178998,71.55864440078585,138.37974683544303,36.89335981208917,19.512628369331072,19.56; 36.04; 17.26,feature,True,True,
sleep_stress_std_diff,variability/gaps,stress,sleep,sleep_phase,std_diff,Gap-aware minute-to-minute variability diagnostic; gaps beyond the configured threshold break segments.,stress points,float64,555,94.22750424448218,34,5.772495755517826,555,False,False,False,False,0.0,2.5251395141129693,3.9412254308924286,4.84060286839013,5.654346273736793,6.7567986376615785,8.45710962446482,11.754662385897829,5.893704894882912,1.4661074228905084,4.423; 5.994; 4.152,feature,True,True,
wake_hr_max_abs_jump,variability/gaps,hr,wake,wake_phase,max_abs_jump,Gap-aware minute-to-minute variability diagnostic; gaps beyond the configured threshold break segments.,bpm,float64,557,94.56706281833617,32,5.432937181663837,42,False,False,False,False,0.0,7.0,23.0,27.0,31.0,35.0,43.0,70.0,31.3967684021544,6.780915528861728,38; 39; 35,feature,True,True,
wake_hr_mean_abs_diff,variability/gaps,hr,wake,wake_phase,mean_abs_diff,Gap-aware minute-to-minute variability diagnostic; gaps beyond the configured threshold break segments.,bpm,float64,557,94.56706281833617,32,5.432937181663837,554,False,False,False,False,0.0,2.5555555555555554,3.6498068303111095,4.086675291073739,4.429245283018868,4.684782608695652,5.117300111722422,6.068493150684931,4.398758145205863,0.4602572926949565,5.017; 5.023; 3.956,feature,True,True,
wake_hr_median_abs_diff,variability/gaps,hr,wake,wake_phase,median_abs_diff,Gap-aware minute-to-minute variability diagnostic; gaps beyond the configured threshold break segments.,bpm,float64,557,94.56706281833617,32,5.432937181663837,6,False,False,False,False,0.0,2.0,2.0,3.0,3.0,3.0,4.0,5.0,3.0529622980251347,0.42198899006343155,4; 3; 2,feature,True,True,
wake_hr_roughness,variability/gaps,hr,wake,wake_phase,roughness,Gap-aware minute-to-minute variability diagnostic; gaps beyond the configured threshold break segments.,bpm,float64,557,94.56706281833617,32,5.432937181663837,557,False,False,False,False,0.0,11.0,24.527554179566565,31.524739583333332,36.61395348837209,41.276646706586824,49.650343289321874,77.1917808219178,36.76422380923888,7.802028394441981,45.27; 53.44; 30.82,feature,True,True,
wake_hr_std_diff,variability/gaps,hr,wake,wake_phase,std_diff,Gap-aware minute-to-minute variability diagnostic; gaps beyond the configured threshold break segments.,bpm,float64,557,94.56706281833617,32,5.432937181663837,557,False,False,False,False,0.0,3.288818409491811,4.952385468552892,5.611122112200436,6.050895647814192,6.424661822752612,7.04626954825979,8.764233256535746,6.027897875703048,0.6440766820987897,6.728; 7.31; 5.552,feature,True,True,
wake_stress_max_abs_jump,variability/gaps,stress,wake,wake_phase,max_abs_jump,Gap-aware minute-to-minute variability diagnostic; gaps beyond the configured threshold break segments.,stress points,float64,557,94.56706281833617,32,5.432937181663837,56,False,False,False,False,0.0,18.0,38.0,47.0,52.0,59.0,69.0,84.0,52.6032315978456,9.543561110877983,55; 74; 56,feature,True,True,
wake_stress_mean_abs_diff,variability/gaps,stress,wake,wake_phase,mean_abs_diff,Gap-aware minute-to-minute variability diagnostic; gaps beyond the configured threshold break segments.,stress points,float64,557,94.56706281833617,32,5.432937181663837,556,False,False,False,False,0.0,2.5390070921985815,5.490466075221792,6.882596685082873,7.6454545454545455,8.504347826086956,9.594936708860759,11.3,7.618746522248248,1.2589654796847443,9.511; 7.322; 6.734,feature,True,True,
wake_stress_median_abs_diff,variability/gaps,stress,wake,wake_phase,median_abs_diff,Gap-aware minute-to-minute variability diagnostic; gaps beyond the configured threshold break segments.,stress points,float64,557,94.56706281833617,32,5.432937181663837,14,False,False,False,False,0.0,1.0,3.0,4.0,5.0,6.0,7.0,9.0,5.152603231597846,1.2103894393206676,6; 4; 5,feature,True,True,
wake_stress_roughness,variability/gaps,stress,wake,wake_phase,roughness,Gap-aware minute-to-minute variability diagnostic; gaps beyond the configured threshold break segments.,stress points,float64,557,94.56706281833617,32,5.432937181663837,557,False,False,False,False,0.0,21.93617021276596,70.70951207633964,100.08403361344538,120.41619585687383,139.9665211062591,171.4661869849389,218.11340206185568,120.68053947095349,31.130875057086982,177.3; 138; 106.2,feature,True,True,
wake_stress_std_diff,variability/gaps,stress,wake,wake_phase,std_diff,Gap-aware minute-to-minute variability diagnostic; gaps beyond the configured threshold break segments.,stress points,float64,557,94.56706281833617,32,5.432937181663837,557,False,False,False,False,0.0,4.682231689792974,8.404956011185094,10.001353767556404,10.97030866456364,11.817046983405454,13.061494668212763,14.767853222026934,10.877278877593865,1.463942382397023,13.31; 11.74; 10.3,feature,True,True,
sleep_hr_zone1_plus_episode_count,episodes/state structure,hr,sleep,sleep_phase,zone1_plus_episode_count,Contiguous state-run feature; gaps beyond the configured threshold break episodes.,count,float64,556,94.39728353140917,33,5.602716468590832,6,False,False,False,True,95.50359712230215,0.0,0.0,0.0,0.0,0.0,0.0,14.0,0.07913669064748201,0.6604418425257688,0; 1; 14,feature,True,True,sparse or rare-event style feature
sleep_hr_zone1_plus_fragmentation_index,episodes/state structure,hr,sleep,sleep_phase,zone1_plus_fragmentation_index,"Episode count divided by total event minutes; high values imply many short bursts, and no-event cases are zero.",bpm,float64,556,94.39728353140917,33,5.602716468590832,10,False,False,False,True,95.50359712230215,0.0,0.0,0.0,0.0,0.0,0.0,1.0,0.03359204622364825,0.1674441862099935,0; 1; 0.5,feature,True,True,sparse or rare-event style feature
sleep_hr_zone1_plus_has_event,episodes/state structure,hr,sleep,sleep_phase,zone1_plus_has_event,Flag for whether at least one matching state episode occurred; no-event cases keep duration summaries at zero.,0/1 flag,float64,556,94.39728353140917,33,5.602716468590832,2,False,False,False,True,95.50359712230215,0.0,0.0,0.0,0.0,0.0,0.0,1.0,0.044964028776978415,0.20722515506839775,0; 1,feature,True,True,sparse or rare-event style feature
sleep_hr_zone1_plus_max_duration_minutes,episodes/state structure,hr,sleep,sleep_phase,zone1_plus_max_duration_minutes,Contiguous state-run feature; gaps beyond the configured threshold break episodes.,minutes,float64,556,94.39728353140917,33,5.602716468590832,8,False,False,False,True,95.50359712230215,0.0,0.0,0.0,0.0,0.0,0.0,7.0,0.09352517985611511,0.5580295024682546,0; 1; 2,feature,True,True,sparse or rare-event style feature
sleep_hr_zone1_plus_mean_duration_minutes,episodes/state structure,hr,sleep,sleep_phase,zone1_plus_mean_duration_minutes,Contiguous state-run feature; gaps beyond the configured threshold break episodes.,minutes,float64,556,94.39728353140917,33,5.602716468590832,10,False,False,False,True,95.50359712230215,0.0,0.0,0.0,0.0,0.0,0.0,5.0,0.07840870161014048,0.4292289858064773,0; 1; 2,feature,True,True,sparse or rare-event style feature
sleep_hr_zone1_plus_time_to_first_minutes,episodes/state structure,hr,sleep,sleep_phase,zone1_plus_time_to_first_minutes,Time from the phase/window start to the first matching event; undefined when no event occurred.,minutes,float64,25,4.244482173174872,564,95.75551782682513,25,False,False,True,True,0.0,23.0,37.2,91.0,154.0,328.0,434.0,526.0,211.64,147.36970652070934,328; 104; 91,feature,True,False,mostly missing; inspect before EDA/modeling
sleep_hr_zone1_plus_total_minutes,episodes/state structure,hr,sleep,sleep_phase,zone1_plus_total_minutes,Contiguous state-run feature; gaps beyond the configured threshold break episodes.,minutes,float64,556,94.39728353140917,33,5.602716468590832,8,False,False,False,True,95.50359712230215,0.0,0.0,0.0,0.0,0.0,0.0,41.0,0.17446043165467626,1.8842767338120547,0; 1; 2,feature,True,True,sparse or rare-event style feature
sleep_stress_high_episode_count,episodes/state structure,stress,sleep,sleep_phase,high_episode_count,Contiguous state-run feature; gaps beyond the configured threshold break episodes.,count,float64,556,94.39728353140917,33,5.602716468590832,13,False,False,False,False,71.94244604316546,0.0,0.0,0.0,0.0,1.0,3.0,21.0,0.6348920863309353,1.740794438216191,0; 1; 2,feature,True,True,
sleep_stress_high_fragmentation_index,episodes/state structure,stress,sleep,sleep_phase,high_fragmentation_index,"Episode count divided by total event minutes; high values imply many short bursts, and no-event cases are zero.",stress points,float64,556,94.39728353140917,33,5.602716468590832,29,False,False,False,False,71.94244604316546,0.0,0.0,0.0,0.0,0.3333333333333333,1.0,1.0,0.20740211031515057,0.3665601195677744,0; 1; 0.5,feature,True,True,
sleep_stress_high_has_event,episodes/state structure,stress,sleep,sleep_phase,high_has_event,Flag for whether at least one matching state episode occurred; no-event cases keep duration summaries at zero.,0/1 flag,float64,556,94.39728353140917,33,5.602716468590832,2,False,False,False,False,71.94244604316546,0.0,0.0,0.0,0.0,1.0,1.0,1.0,0.2805755395683453,0.4492804315394531,0; 1,feature,True,True,
sleep_stress_high_max_duration_minutes,episodes/state structure,stress,sleep,sleep_phase,high_max_duration_minutes,Contiguous state-run feature; gaps beyond the configured threshold break episodes.,minutes,float64,556,94.39728353140917,33,5.602716468590832,17,False,False,False,False,71.94244604316546,0.0,0.0,0.0,0.0,1.0,4.0,46.0,0.8723021582733813,3.2420166067564415,0; 1; 2,feature,True,True,
sleep_stress_high_mean_duration_minutes,episodes/state structure,stress,sleep,sleep_phase,high_mean_duration_minutes,Contiguous state-run feature; gaps beyond the configured threshold break episodes.,minutes,float64,556,94.39728353140917,33,5.602716468590832,29,False,False,False,False,71.94244604316546,0.0,0.0,0.0,0.0,1.0,2.0,17.0,0.5476304250717073,1.47713265351121,0; 1; 2,feature,True,True,
sleep_stress_high_time_to_first_minutes,episodes/state structure,stress,sleep,sleep_phase,high_time_to_first_minutes,Time from the phase/window start to the first matching event; undefined when no event occurred.,minutes,float64,156,26.485568760611205,433,73.5144312393888,118,False,False,False,False,3.8461538461538463,0.0,11.75,57.5,90.5,174.5,476.75,626.0,149.76923076923077,144.81747336463226,69; 143; 40,feature,True,True,
sleep_stress_high_total_minutes,episodes/state structure,stress,sleep,sleep_phase,high_total_minutes,Contiguous state-run feature; gaps beyond the configured threshold break episodes.,minutes,float64,556,94.39728353140917,33,5.602716468590832,23,False,False,False,False,71.94244604316546,0.0,0.0,0.0,0.0,1.0,6.0,96.0,1.5179856115107915,6.833953023532611,0; 1; 2,feature,True,True,
wake_hr_zone2_plus_episode_count,episodes/state structure,hr,wake,wake_phase,zone2_plus_episode_count,Contiguous state-run feature; gaps beyond the configured threshold break episodes.,count,float64,557,94.56706281833617,32,5.432937181663837,24,False,False,False,False,17.594254937163374,0.0,0.0,1.0,3.0,7.0,14.0,31.0,4.718132854578097,4.708513786673837,8; 6; 7,feature,True,True,
wake_hr_zone2_plus_fragmentation_index,episodes/state structure,hr,wake,wake_phase,zone2_plus_fragmentation_index,"Episode count divided by total event minutes; high values imply many short bursts, and no-event cases are zero.",bpm,float64,557,94.56706281833617,32,5.432937181663837,174,False,False,False,False,17.594254937163374,0.0,0.0,0.10884353741496598,0.2222222222222222,0.38461538461538464,1.0,1.0,0.2933517987612634,0.2736449982937528,0.2857; 0.1176; 0.5385,feature,True,True,
wake_hr_zone2_plus_has_event,episodes/state structure,hr,wake,wake_phase,zone2_plus_has_event,Flag for whether at least one matching state episode occurred; no-event cases keep duration summaries at zero.,0/1 flag,float64,557,94.56706281833617,32,5.432937181663837,2,False,False,False,False,17.594254937163374,0.0,0.0,1.0,1.0,1.0,1.0,1.0,0.8240574506283662,0.38077128133860616,1; 0,feature,True,True,
wake_hr_zone2_plus_max_duration_minutes,episodes/state structure,hr,wake,wake_phase,zone2_plus_max_duration_minutes,Contiguous state-run feature; gaps beyond the configured threshold break episodes.,minutes,float64,557,94.56706281833617,32,5.432937181663837,49,False,False,False,False,17.594254937163374,0.0,0.0,1.0,6.0,14.0,30.199999999999932,65.0,9.418312387791742,10.686115189075553,10; 30; 4,feature,True,True,
wake_hr_zone2_plus_mean_duration_minutes,episodes/state structure,hr,wake,wake_phase,zone2_plus_mean_duration_minutes,Contiguous state-run feature; gaps beyond the configured threshold break episodes.,minutes,float64,557,94.56706281833617,32,5.432937181663837,174,False,False,False,False,17.594254937163374,0.0,0.0,1.0,3.0,5.25,10.226666666666658,28.0,3.733625442049705,3.4497828648555804,3.5; 8.5; 1.857,feature,True,True,
wake_hr_zone2_plus_time_to_first_minutes,episodes/state structure,hr,wake,wake_phase,zone2_plus_time_to_first_minutes,Time from the phase/window start to the first matching event; undefined when no event occurred.,minutes,float64,459,77.92869269949067,130,22.07130730050934,292,False,False,False,False,0.0,1.0,12.900000000000002,43.0,119.0,327.5,604.6999999999998,1064.5,204.72389251997095,203.4123543677193,252; 115; 286,feature,True,True,
wake_hr_zone2_plus_total_minutes,episodes/state structure,hr,wake,wake_phase,zone2_plus_total_minutes,Contiguous state-run feature; gaps beyond the configured threshold break episodes.,minutes,float64,557,94.56706281833617,32,5.432937181663837,99,False,False,False,False,17.594254937163374,0.0,0.0,2.0,12.0,30.0,81.19999999999993,364.0,22.868940754039496,32.36110862287781,28; 51; 13,feature,True,True,
wake_stress_active_episode_count,episodes/state structure,stress,wake,wake_phase,active_episode_count,Contiguous state-run feature; gaps beyond the configured threshold break episodes.,count,float64,557,94.56706281833617,32,5.432937181663837,66,False,False,False,False,0.0,1.0,14.0,30.0,40.0,49.0,60.0,79.0,39.19210053859964,14.266534722996306,47; 45; 24,feature,True,True,
wake_stress_active_fragmentation_index,episodes/state structure,stress,wake,wake_phase,active_fragmentation_index,"Episode count divided by total event minutes; high values imply many short bursts, and no-event cases are zero.",stress points,float64,557,94.56706281833617,32,5.432937181663837,485,False,False,False,False,0.0,0.05235602094240838,0.15371149638108064,0.21933085501858737,0.2682926829268293,0.33663366336633666,0.5360962566844912,1.0,0.2957911816555014,0.12505934676552097,0.176; 0.3; 0.1121,feature,True,True,
wake_stress_active_has_event,episodes/state structure,stress,wake,wake_phase,active_has_event,Flag for whether at least one matching state episode occurred; no-event cases keep duration summaries at zero.,0/1 flag,float64,557,94.56706281833617,32,5.432937181663837,1,False,True,False,False,0.0,1.0,1.0,1.0,1.0,1.0,1.0,1.0,1.0,0.0,1,feature,True,False,constant among non-null values
wake_stress_active_max_duration_minutes,episodes/state structure,stress,wake,wake_phase,active_max_duration_minutes,Contiguous state-run feature; gaps beyond the configured threshold break episodes.,minutes,float64,557,94.56706281833617,32,5.432937181663837,77,False,False,False,False,0.0,1.0,6.0,16.0,25.0,33.0,57.19999999999993,342.0,27.095152603231597,21.887338301835843,45; 25; 80,feature,True,True,
wake_stress_active_mean_duration_minutes,episodes/state structure,stress,wake,wake_phase,active_mean_duration_minutes,Contiguous state-run feature; gaps beyond the configured threshold break episodes.,minutes,float64,557,94.56706281833617,32,5.432937181663837,485,False,False,False,False,0.0,1.0,1.8654399079930997,2.9705882352941178,3.727272727272727,4.559322033898305,6.505714285714284,19.1,3.942381994074998,1.7581645932904122,5.681; 3.333; 8.917,feature,True,True,
wake_stress_active_time_to_first_minutes,episodes/state structure,stress,wake,wake_phase,active_time_to_first_minutes,Time from the phase/window start to the first matching event; undefined when no event occurred.,minutes,float64,557,94.56706281833617,32,5.432937181663837,128,False,False,False,False,17.7737881508079,0.0,0.0,1.0,5.0,19.0,266.499999999999,1187.5,48.973249551166965,166.47713494578645,9; 2.017; 1,feature,True,True,
wake_stress_active_total_minutes,episodes/state structure,stress,wake,wake_phase,active_total_minutes,Contiguous state-run feature; gaps beyond the configured threshold break episodes.,minutes,float64,557,94.56706281833617,32,5.432937181663837,252,False,False,False,False,0.0,1.0,33.8,105.0,150.0,200.0,286.19999999999993,573.0,154.68402154398564,78.8538223059938,267; 150; 214,feature,True,True,
wake_stress_high_episode_count,episodes/state structure,stress,wake,wake_phase,high_episode_count,Contiguous state-run feature; gaps beyond the configured threshold break episodes.,count,float64,557,94.56706281833617,32,5.432937181663837,78,False,False,False,False,0.8976660682226212,0.0,12.0,26.0,37.0,51.0,67.0,107.0,38.43087971274686,17.378074305027603,32; 25; 8,feature,True,True,
wake_stress_high_fragmentation_index,episodes/state structure,stress,wake,wake_phase,high_fragmentation_index,"Episode count divided by total event minutes; high values imply many short bursts, and no-event cases are zero.",stress points,float64,557,94.56706281833617,32,5.432937181663837,498,False,False,False,False,0.8976660682226212,0.0,0.10179013210101293,0.17455621301775148,0.24583333333333332,0.3469387755102041,0.5454545454545454,1.0,0.2741511817525319,0.14404167302176427,0.2119; 0.1623; 0.5333,feature,True,True,
wake_stress_high_has_event,episodes/state structure,stress,wake,wake_phase,high_has_event,Flag for whether at least one matching state episode occurred; no-event cases keep duration summaries at zero.,0/1 flag,float64,557,94.56706281833617,32,5.432937181663837,2,False,False,False,False,0.8976660682226212,0.0,1.0,1.0,1.0,1.0,1.0,1.0,0.9910233393177738,0.09431903437388653,1; 0,feature,True,True,
wake_stress_high_max_duration_minutes,episodes/state structure,stress,wake,wake_phase,high_max_duration_minutes,Contiguous state-run feature; gaps beyond the configured threshold break episodes.,minutes,float64,557,94.56706281833617,32,5.432937181663837,97,False,False,False,False,0.8976660682226212,0.0,4.800000000000001,15.0,27.0,47.0,85.0,203.0,33.867145421903054,26.305147893053963,61; 44; 4,feature,True,True,
wake_stress_high_mean_duration_minutes,episodes/state structure,stress,wake,wake_phase,high_mean_duration_minutes,Contiguous state-run feature; gaps beyond the configured threshold break episodes.,minutes,float64,557,94.56706281833617,32,5.432937181663837,498,False,False,False,False,0.8976660682226212,0.0,1.7556818181818181,2.8260869565217392,4.018518518518518,5.617021276595745,9.47894736842105,18.5,4.5862623542150445,2.521313184555984,4.719; 6.16; 1.875,feature,True,True,
wake_stress_high_time_to_first_minutes,episodes/state structure,stress,wake,wake_phase,high_time_to_first_minutes,Time from the phase/window start to the first matching event; undefined when no event occurred.,minutes,float64,552,93.71816638370119,37,6.281833616298811,154,False,False,False,False,0.5434782608695652,0.0,1.0,4.0,11.0,36.25,279.62499999999983,1173.0,54.353442028985505,143.26291000492756,57; 44.02; 29,feature,True,True,
wake_stress_high_total_minutes,episodes/state structure,stress,wake,wake_phase,high_total_minutes,Contiguous state-run feature; gaps beyond the configured threshold break episodes.,minutes,float64,557,94.56706281833617,32,5.432937181663837,310,False,False,False,False,0.8976660682226212,0.0,27.8,85.0,156.0,250.0,422.1999999999996,664.0,182.213644524237,123.3345319840135,151; 154; 15,feature,True,True,
pre_sleep_4h_hr_early_minus_late,recovery/deactivation,hr,wake/pre-sleep,pre_sleep_4h,early_minus_late,Sleep recovery or pre-sleep deactivation summary; positive deactivation means lower values closer to sleep.,bpm,float64,503,85.39898132427844,86,14.60101867572156,503,False,False,False,False,0.0,-21.643251475347412,-4.722411354435938,3.1136254993397863,9.04608695652174,15.587056034535028,26.086240447343883,56.89151548469856,9.403995284923782,9.751842932242502,15.3; 19.02; 9.484,feature,True,True,
pre_sleep_4h_hr_mean,recovery/deactivation,hr,wake/pre-sleep,pre_sleep_4h,mean,Sleep recovery or pre-sleep deactivation summary; positive deactivation means lower values closer to sleep.,bpm,float64,523,88.79456706281834,66,11.205432937181664,520,False,False,False,False,0.0,48.17989417989418,60.087454513949055,67.20649763232032,72.70967741935483,79.37998150716598,88.93171475010158,110.31067961165049,73.37541228838478,9.110071967442513,81.61; 62.81; 55.84,feature,True,True,
pre_sleep_4h_hr_p90,recovery/deactivation,hr,wake/pre-sleep,pre_sleep_4h,p90,Sleep recovery or pre-sleep deactivation summary; positive deactivation means lower values closer to sleep.,bpm,float64,523,88.79456706281834,66,11.205432937181664,204,False,False,False,False,0.0,56.20000000000002,69.09,79.0,87.0,95.5,108.0,135.6,87.92160611854685,12.441683919743957,101; 79.9; 65,feature,True,True,
pre_sleep_4h_hr_std,recovery/deactivation,hr,wake/pre-sleep,pre_sleep_4h,std,Sleep recovery or pre-sleep deactivation summary; positive deactivation means lower values closer to sleep.,bpm,float64,523,88.79456706281834,66,11.205432937181664,523,False,False,False,False,0.0,4.005806531336814,6.094684641877049,8.426262068959264,10.22506110632352,12.555689810928857,17.19664462707524,33.63102887803259,10.762230258146836,3.4405901278416096,13.14; 12.09; 6.674,feature,True,True,
pre_sleep_4h_stress_early_minus_late,recovery/deactivation,stress,wake/pre-sleep,pre_sleep_4h,early_minus_late,Sleep recovery or pre-sleep deactivation summary; positive deactivation means lower values closer to sleep.,stress points,float64,503,85.39898132427844,86,14.60101867572156,503,False,False,False,False,0.0,-44.75088652482269,-12.373930319529228,6.8155949674837935,17.761111111111113,29.467363430479498,46.5331224050558,62.86455525606469,17.731505691103358,17.882688342402485,29.65; 28.76; 16.81,feature,True,True,
pre_sleep_4h_stress_high_fraction,recovery/deactivation,stress,wake/pre-sleep,pre_sleep_4h,high_fraction,Sleep recovery or pre-sleep deactivation summary; positive deactivation means lower values closer to sleep.,fraction 0..1,float64,523,88.79456706281834,66,11.205432937181664,472,False,False,False,False,4.97131931166348,0.0,0.00431983897918882,0.050849647864573244,0.15897435897435896,0.35503993093028274,0.7386040609137056,1.0,0.23934118984853878,0.23384590912537498,0.4319; 0.04202; 0,feature,True,True,
pre_sleep_4h_stress_mean,recovery/deactivation,stress,wake/pre-sleep,pre_sleep_4h,mean,Sleep recovery or pre-sleep deactivation summary; positive deactivation means lower values closer to sleep.,stress points,float64,523,88.79456706281834,66,11.205432937181664,523,False,False,False,False,0.0,14.956521739130435,26.886105309663428,40.40678749111585,51.89887640449438,64.08399307860054,79.83195552332607,89.88288288288288,52.27332836398707,16.162580549209437,66.13; 31.13; 20.14,feature,True,True,
pre_sleep_4h_stress_p90,recovery/deactivation,stress,wake/pre-sleep,pre_sleep_4h,p90,Sleep recovery or pre-sleep deactivation summary; positive deactivation means lower values closer to sleep.,stress points,float64,523,88.79456706281834,66,11.205432937181664,199,False,False,False,False,0.0,25.099999999999994,42.839999999999996,69.0,80.5,88.0,95.0,99.0,76.40611854684512,15.7658379150544,93; 63.2; 33.4,feature,True,True,
pre_sleep_4h_stress_std,recovery/deactivation,stress,wake/pre-sleep,pre_sleep_4h,std,Sleep recovery or pre-sleep deactivation summary; positive deactivation means lower values closer to sleep.,stress points,float64,523,88.79456706281834,66,11.205432937181664,523,False,False,False,False,0.0,6.996404690095921,11.128196060270815,15.55158490646916,18.644161353651434,21.40502728666077,25.660793337260284,35.02040227158685,18.48746598319735,4.4343664662047475,23.06; 19.68; 11.13,feature,True,True,
sleep_hr_q1_minus_q4,recovery/deactivation,hr,sleep,sleep_phase,q1_minus_q4,Sleep recovery or pre-sleep deactivation summary; positive deactivation means lower values closer to sleep.,bpm,float64,554,94.05772495755518,35,5.942275042444821,554,False,False,False,False,0.0,-14.979699248120305,-2.5796840573531643,1.1473847533552224,3.8692957449054965,7.146962367910346,11.796443850267387,19.512444801284623,4.135151640692155,4.548627156715809,2.168; 3.993; 4.334,feature,True,True,
sleep_hr_time_to_min_minutes,recovery/deactivation,hr,sleep,sleep_phase,time_to_min_minutes,Sleep recovery or pre-sleep deactivation summary; positive deactivation means lower values closer to sleep.,minutes,float64,555,94.22750424448218,34,5.772495755517826,328,False,False,False,False,0.0,1.0,127.7,230.0,310.0,407.5,531.5999999999999,755.0,319.04144144144146,128.2426054405263,469; 291; 424,feature,True,True,
sleep_stress_q1_minus_q4,recovery/deactivation,stress,sleep,sleep_phase,q1_minus_q4,Sleep recovery or pre-sleep deactivation summary; positive deactivation means lower values closer to sleep.,stress points,float64,554,94.05772495755518,35,5.942275042444821,554,False,False,False,False,0.0,-18.828399629972246,-3.8264355524672626,2.2776045597993617,7.214302584509428,13.126538108356291,23.566077579651775,42.215302113199535,8.212342724676295,8.711570631576103,-0.2635; 5.63; 11.06,feature,True,True,
sleep_stress_time_to_low_stress_minutes,recovery/deactivation,stress,sleep,sleep_phase,time_to_low_stress_minutes,Sleep recovery or pre-sleep deactivation summary; positive deactivation means lower values closer to sleep.,minutes,float64,554,94.05772495755518,35,5.942275042444821,74,False,False,False,False,57.5812274368231,0.0,0.0,0.0,0.0,4.0,63.700000000000045,341.0,10.90072202166065,33.40733019368684,0; 1; 8,feature,True,True,
sleep_stress_time_to_min_minutes,recovery/deactivation,stress,sleep,sleep_phase,time_to_min_minutes,Sleep recovery or pre-sleep deactivation summary; positive deactivation means lower values closer to sleep.,minutes,float64,555,94.22750424448218,34,5.772495755517826,337,False,False,False,False,0.0,1.0,90.0,189.0,274.0,376.5,507.89999999999986,736.0,283.02162162162165,130.78507050745745,1; 272; 196,feature,True,True,
sleep_q1_hr_mean,relative windows,hr,sleep,sleep_q1,hr_mean,Compact summary for a relative quarter of the sleep or wake phase.,bpm,float64,555,94.22750424448218,34,5.772495755517826,548,False,False,False,False,0.0,40.5,47.06125,50.75525846702317,54.083333333333336,58.151315789473685,65.25952019435165,78.95744680851064,54.870025594392764,5.770500275638261,50.29; 50.66; 50.53,feature,True,True,
sleep_q1_hr_p90,relative windows,hr,sleep,sleep_q1,hr_p90,Compact summary for a relative quarter of the sleep or wake phase.,bpm,float64,555,94.22750424448218,34,5.772495755517826,191,False,False,False,False,0.0,43.0,51.07,56.0,60.0,65.0,73.0,85.4,61.046126126126126,6.80828578008969,55; 56.3; 60.1,feature,True,True,
sleep_q1_hr_std,relative windows,hr,sleep,sleep_q1,hr_std,Compact summary for a relative quarter of the sleep or wake phase.,bpm,float64,555,94.22750424448218,34,5.772495755517826,555,False,False,False,False,0.0,0.9634312595527794,2.386095570668879,3.689628033025267,4.807064339961524,5.723696711269249,7.46083207405951,11.480172320924344,4.805139959168779,1.5856379782802674,3.853; 8.637; 5.414,feature,True,True,
sleep_q1_stress_high_fraction,relative windows,stress,sleep,sleep_q1,stress_high_fraction,Compact summary for a relative quarter of the sleep or wake phase.,fraction 0..1,float64,555,94.22750424448218,34,5.772495755517826,91,False,False,False,False,82.34234234234235,0.0,0.0,0.0,0.0,0.0,0.03149038461538458,0.8518518518518519,0.007313757019848962,0.045084867434150175,0; 0.008929; 0.00641,feature,True,True,
sleep_q1_stress_mean,relative windows,stress,sleep,sleep_q1,stress_mean,Compact summary for a relative quarter of the sleep or wake phase.,stress points,float64,555,94.22750424448218,34,5.772495755517826,550,False,False,False,False,0.0,2.0934579439252334,7.425353846153847,13.409006211180124,18.19607843137255,25.473503074044373,38.47292903225806,79.01851851851852,20.35626291596917,10.36097239741651,5.857; 10.07; 15.12,feature,True,True,
sleep_q1_stress_p90,relative windows,stress,sleep,sleep_q1,stress_p90,Compact summary for a relative quarter of the sleep or wake phase.,stress points,float64,555,94.22750424448218,34,5.772495755517826,254,False,False,False,False,0.0,5.0,14.74000000000001,21.0,26.80000000000001,37.90000000000001,63.0,86.0,30.966126126126134,15.007538236233822,11; 15; 30,feature,True,True,
sleep_q1_stress_std,relative windows,stress,sleep,sleep_q1,stress_std,Compact summary for a relative quarter of the sleep or wake phase.,stress points,float64,555,94.22750424448218,34,5.772495755517826,555,False,False,False,False,0.0,1.8040073015499047,3.712616148221625,6.054538548640159,8.020989583090074,11.022515777189614,15.948111628753175,22.856225253764375,8.712150614319418,3.7367316947361724,5.38; 11.01; 8.833,feature,True,True,
sleep_q2_hr_mean,relative windows,hr,sleep,sleep_q2,hr_mean,Compact summary for a relative quarter of the sleep or wake phase.,bpm,float64,553,93.88794567062818,36,6.112054329371817,551,False,False,False,False,0.0,40.21739130434783,44.66194690265487,48.45454545454545,51.252873563218394,54.24418604651163,61.00824742268041,77.8252427184466,51.808347993284215,5.122550156556856,48.45; 53.05; 46.03,feature,True,True,
sleep_q2_hr_p90,relative windows,hr,sleep,sleep_q2,hr_p90,Compact summary for a relative quarter of the sleep or wake phase.,bpm,float64,553,93.88794567062818,36,6.112054329371817,180,False,False,False,False,0.0,43.0,50.0,55.0,58.0,61.9,69.52,95.8,58.62242314647377,6.021408754348992,52.5; 59; 52,feature,True,True,
sleep_q2_hr_std,relative windows,hr,sleep,sleep_q2,hr_std,Compact summary for a relative quarter of the sleep or wake phase.,bpm,float64,553,93.88794567062818,36,6.112054329371817,553,False,False,False,False,0.0,1.2916201254534763,3.0979092303763216,4.131665668119494,4.90366703735308,5.701803780973194,7.349843716335114,11.853370556513138,5.003639254509744,1.349297108807732,3.163; 5.607; 3.586,feature,True,True,
sleep_q2_stress_high_fraction,relative windows,stress,sleep,sleep_q2,stress_high_fraction,Compact summary for a relative quarter of the sleep or wake phase.,fraction 0..1,float64,553,93.88794567062818,36,6.112054329371817,42,False,False,False,False,91.86256781193491,0.0,0.0,0.0,0.0,0.0,0.008960746460746459,0.4339622641509434,0.003063000942310971,0.022780031113989237,0; 0.02326; 0.006452,feature,True,True,
sleep_q2_stress_mean,relative windows,stress,sleep,sleep_q2,stress_mean,Compact summary for a relative quarter of the sleep or wake phase.,stress points,float64,553,93.88794567062818,36,6.112054329371817,551,False,False,False,False,0.0,1.6122448979591837,4.502755555555555,8.662068965517241,13.691275167785236,18.824324324324323,29.903899109105634,69.90566037735849,14.828125366241741,8.735138432826302,3.636; 17.15; 3.646,feature,True,True,
sleep_q2_stress_p90,relative windows,stress,sleep,sleep_q2,stress_p90,Compact summary for a relative quarter of the sleep or wake phase.,stress points,float64,553,93.88794567062818,36,6.112054329371817,229,False,False,False,False,0.0,4.0,11.0,17.900000000000006,23.0,31.0,52.64000000000001,87.0,25.83996383363472,13.096633942105894,11.3; 27.1; 9,feature,True,True,
sleep_q2_stress_std,relative windows,stress,sleep,sleep_q2,stress_std,Compact summary for a relative quarter of the sleep or wake phase.,stress points,float64,553,93.88794567062818,36,6.112054329371817,553,False,False,False,False,0.0,1.562524468779671,4.313712961604609,5.999592381414063,7.630788176839394,10.123714080161465,15.796888741086969,22.749696141657783,8.441413653667727,3.4335729905155508,4.883; 9.184; 5.07,feature,True,True,
sleep_q3_hr_mean,relative windows,hr,sleep,sleep_q3,hr_mean,Compact summary for a relative quarter of the sleep or wake phase.,bpm,float64,553,93.88794567062818,36,6.112054329371817,544,False,False,False,False,0.0,40.208333333333336,44.65631067961165,47.68041237113402,49.890756302521005,52.5,58.05972674040338,83.6574074074074,50.55330279809526,4.601335982407221,48.75; 46.96; 50.08,feature,True,True,
sleep_q3_hr_p90,relative windows,hr,sleep,sleep_q3,hr_p90,Compact summary for a relative quarter of the sleep or wake phase.,bpm,float64,553,93.88794567062818,36,6.112054329371817,171,False,False,False,False,0.0,44.0,50.0,53.900000000000006,56.6,59.60000000000001,67.0,100.3,57.24701627486438,5.7684553385201705,54.1; 52; 57,feature,True,True,
sleep_q3_hr_std,relative windows,hr,sleep,sleep_q3,hr_std,Compact summary for a relative quarter of the sleep or wake phase.,bpm,float64,553,93.88794567062818,36,6.112054329371817,553,False,False,False,False,0.0,1.9861109430746036,3.1488628342097487,4.094523899926587,4.718988353631054,5.501993762418925,7.545532305199143,15.719911040396546,4.962179884705245,1.526430239117735,4.22; 6.363; 7.531,feature,True,True,
sleep_q3_stress_high_fraction,relative windows,stress,sleep,sleep_q3,stress_high_fraction,Compact summary for a relative quarter of the sleep or wake phase.,fraction 0..1,float64,553,93.88794567062818,36,6.112054329371817,34,False,False,False,False,93.30922242314648,0.0,0.0,0.0,0.0,0.0,0.0077403846153846125,0.3373493975903614,0.00287146324060164,0.022435605194001763,0; 0.009804; 0.006369,feature,True,True,
sleep_q3_stress_mean,relative windows,stress,sleep,sleep_q3,stress_mean,Compact summary for a relative quarter of the sleep or wake phase.,stress points,float64,553,93.88794567062818,36,6.112054329371817,549,False,False,False,False,0.0,1.5275590551181102,4.38885775862069,7.634615384615385,10.719626168224298,15.485714285714286,23.26920710868079,62.94117647058823,12.329677109975858,7.20267348725382,6.547; 6.345; 8.512,feature,True,True,
sleep_q3_stress_p90,relative windows,stress,sleep,sleep_q3,stress_p90,Compact summary for a relative quarter of the sleep or wake phase.,stress points,float64,553,93.88794567062818,36,6.112054329371817,199,False,False,False,False,0.0,4.0,10.200000000000012,16.0,19.50000000000003,24.19999999999999,42.160000000000004,83.0,22.101989150090414,11.213229061650011,15.4; 17; 20.4,feature,True,True,
sleep_q3_stress_std,relative windows,stress,sleep,sleep_q3,stress_std,Compact summary for a relative quarter of the sleep or wake phase.,stress points,float64,553,93.88794567062818,36,6.112054329371817,553,False,False,False,False,0.0,2.4133055438728213,4.070493245491143,5.605896900890755,6.858778427071199,8.844315445322897,14.150734277284233,28.268946448945233,7.693833367253371,3.3453027498202244,6.286; 8.049; 8.543,feature,True,True,
sleep_q4_hr_mean,relative windows,hr,sleep,sleep_q4,hr_mean,Compact summary for a relative quarter of the sleep or wake phase.,bpm,float64,554,94.05772495755518,35,5.942275042444821,547,False,False,False,False,0.0,41.267605633802816,44.914787493893506,48.12495469372961,50.084523809523816,52.65654205607476,57.92559974747475,77.57,50.69787323987707,4.289527402787588,48.12; 46.66; 46.19,feature,True,True,
sleep_q4_hr_p90,relative windows,hr,sleep,sleep_q4,hr_p90,Compact summary for a relative quarter of the sleep or wake phase.,bpm,float64,554,94.05772495755518,35,5.942275042444821,162,False,False,False,False,0.0,46.0,50.790000000000006,54.0,56.400000000000006,59.975,67.0,102.60000000000001,57.44747292418773,5.513000955420329,56; 54; 51,feature,True,True,
sleep_q4_hr_std,relative windows,hr,sleep,sleep_q4,hr_std,Compact summary for a relative quarter of the sleep or wake phase.,bpm,float64,554,94.05772495755518,35,5.942275042444821,554,False,False,False,False,0.0,2.586253126466893,3.4700041592276265,4.267106009644027,4.810818056440718,5.633537903247098,7.318321851647124,18.48744127142918,5.096340151562869,1.3942383292307756,4.813; 5.289; 3.804,feature,True,True,
sleep_q4_stress_high_fraction,relative windows,stress,sleep,sleep_q4,stress_high_fraction,Compact summary for a relative quarter of the sleep or wake phase.,fraction 0..1,float64,554,94.05772495755518,35,5.942275042444821,36,False,False,False,False,93.14079422382672,0.0,0.0,0.0,0.0,0.0,0.007981310803891452,0.32075471698113206,0.0017833039799807408,0.014779034470596303,0; 0.007937; 0.01389,feature,True,True,
sleep_q4_stress_mean,relative windows,stress,sleep,sleep_q4,stress_mean,Compact summary for a relative quarter of the sleep or wake phase.,stress points,float64,554,94.05772495755518,35,5.942275042444821,553,False,False,False,False,0.0,2.6842105263157894,4.779132891181528,8.034754915535864,11.051127342013338,14.950682122530967,23.092843676355077,65.94339622641509,12.100796273126313,6.284157588528746,6.121; 4.441; 4.061,feature,True,True,
sleep_q4_stress_p90,relative windows,stress,sleep,sleep_q4,stress_p90,Compact summary for a relative quarter of the sleep or wake phase.,stress points,float64,554,94.05772495755518,35,5.942275042444821,180,False,False,False,False,0.0,6.899999999999999,11.0,16.0,19.550000000000004,23.875000000000007,39.45500000000004,83.4,21.313718411552347,9.560283342106436,15.5; 11; 8,feature,True,True,
sleep_q4_stress_std,relative windows,stress,sleep,sleep_q4,stress_std,Compact summary for a relative quarter of the sleep or wake phase.,stress points,float64,554,94.05772495755518,35,5.942275042444821,554,False,False,False,False,0.0,2.964321482429427,4.251466449270159,5.732668124093127,6.830282132328039,8.482630382569594,13.217055097720104,21.385000838661785,7.528484651934985,2.824980672058534,7.516; 6.983; 3.798,feature,True,True,
wake_q1_hr_mean,relative windows,hr,wake,wake_q1,hr_mean,Compact summary for a relative quarter of the sleep or wake phase.,bpm,float64,537,91.17147707979628,52,8.828522920203735,537,False,False,False,False,0.0,48.10648148148148,63.617127071823205,72.09178743961353,78.25431034482759,86.32627118644068,98.09842284739983,115.73540856031128,79.32384698348353,11.08915170677642,75.52; 83.03; 63.69,feature,True,True,
wake_q1_hr_p90,relative windows,hr,wake,wake_q1,hr_p90,Compact summary for a relative quarter of the sleep or wake phase.,bpm,float64,537,91.17147707979628,52,8.828522920203735,254,False,False,False,False,0.0,54.0,74.88,88.20000000000002,98.0,108.19999999999999,125.76,153.9,98.66089385474861,15.962516543344737,100; 126; 88,feature,True,True,
wake_q1_hr_std,relative windows,hr,wake,wake_q1,hr_std,Compact summary for a relative quarter of the sleep or wake phase.,bpm,float64,537,91.17147707979628,52,8.828522920203735,537,False,False,False,False,0.0,4.49068286999749,7.331902140175072,10.325954568174138,13.577268311565437,17.131732003116667,22.320665063779703,34.54562950289775,13.977485677157288,4.783328128029567,17.53; 23.92; 13.52,feature,True,True,
wake_q1_stress_high_fraction,relative windows,stress,wake,wake_q1,stress_high_fraction,Compact summary for a relative quarter of the sleep or wake phase.,fraction 0..1,float64,536,91.00169779286928,53,8.998302207130731,494,False,False,False,False,2.798507462686567,0.0,0.01734004412575841,0.10444465624602872,0.2358140861134873,0.4496614331423469,0.776797385620915,1.0,0.3017183670661211,0.24113055469932776,0.1462; 0.06081; 0.01258,feature,True,True,
wake_q1_stress_mean,relative windows,stress,wake,wake_q1,stress_mean,Compact summary for a relative quarter of the sleep or wake phase.,stress points,float64,536,91.00169779286928,53,8.998302207130731,535,False,False,False,False,0.0,6.526530612244898,30.387057262427273,45.23455843522769,56.62210894704808,68.57798573975045,81.49603174603175,93.91304347826087,56.312037379960096,16.181359676820723,39.47; 44.5; 21.44,feature,True,True,
wake_q1_stress_p90,relative windows,stress,wake,wake_q1,stress_p90,Compact summary for a relative quarter of the sleep or wake phase.,stress points,float64,536,91.00169779286928,53,8.998302207130731,210,False,False,False,False,0.0,14.0,55.875,75.97500000000001,84.30000000000001,90.30000000000001,96.0,99.0,81.16194029850747,14.184350188327008,81; 71; 33,feature,True,True,
wake_q1_stress_std,relative windows,stress,wake,wake_q1,stress_std,Compact summary for a relative quarter of the sleep or wake phase.,stress points,float64,536,91.00169779286928,53,8.998302207130731,536,False,False,False,False,0.0,3.9717813709945324,11.037688715016195,16.691052846957348,19.598538074744866,22.650719198318267,27.64166723171489,34.473746745569166,19.58365502916635,5.05024953657703,26.19; 19.93; 11.5,feature,True,True,
wake_q2_hr_mean,relative windows,hr,wake,wake_q2,hr_mean,Compact summary for a relative quarter of the sleep or wake phase.,bpm,float64,528,89.64346349745331,61,10.35653650254669,528,False,False,False,False,0.0,45.6,61.048834736375724,71.21619047619048,78.49229488831614,87.42494440326168,99.30786458333331,126.48068669527898,79.20600769879339,11.980768687305119,89.16; 73.31; 88.45,feature,True,True,
wake_q2_hr_p90,relative windows,hr,wake,wake_q2,hr_p90,Compact summary for a relative quarter of the sleep or wake phase.,bpm,float64,528,89.64346349745331,61,10.35653650254669,242,False,False,False,False,0.0,49.0,71.67,84.85000000000001,95.0,106.0,123.68499999999997,160.3,95.86420454545456,16.32253006199798,116; 105.4; 113,feature,True,True,
wake_q2_hr_std,relative windows,hr,wake,wake_q2,hr_std,Compact summary for a relative quarter of the sleep or wake phase.,bpm,float64,528,89.64346349745331,61,10.35653650254669,528,False,False,False,False,0.0,1.3743685418725535,5.884989112343769,8.765644912344507,11.474616837494194,15.103606962802807,20.791381189038177,30.40532159029187,12.246808085269596,4.730198148737198,21.59; 26.12; 18.21,feature,True,True,
wake_q2_stress_high_fraction,relative windows,stress,wake,wake_q2,stress_high_fraction,Compact summary for a relative quarter of the sleep or wake phase.,fraction 0..1,float64,526,89.30390492359932,63,10.69609507640068,488,False,False,False,False,4.562737642585551,0.0,0.00505890052356021,0.07096298664393293,0.23625544753603755,0.5141546526867627,0.8791977611940298,1.0,0.31582091503926835,0.2809895049311717,0.2083; 0.03448; 0.01333,feature,True,True,
wake_q2_stress_mean,relative windows,stress,wake,wake_q2,stress_mean,Compact summary for a relative quarter of the sleep or wake phase.,stress points,float64,526,89.30390492359932,63,10.69609507640068,526,False,False,False,False,0.0,8.781818181818181,28.13494916485113,46.01818373933759,59.517263427109974,72.73515538290788,85.77780393835617,94.32291666666667,58.658293284143234,17.58203213556028,57.33; 27.19; 48.19,feature,True,True,
wake_q2_stress_p90,relative windows,stress,wake,wake_q2,stress_p90,Compact summary for a relative quarter of the sleep or wake phase.,stress points,float64,526,89.30390492359932,63,10.69609507640068,210,False,False,False,False,0.0,16.0,47.5,72.0,84.0,90.10000000000001,96.0,99.0,79.50494296577946,15.149970645122645,84; 33; 65.6,feature,True,True,
wake_q2_stress_std,relative windows,stress,wake,wake_q2,stress_std,Compact summary for a relative quarter of the sleep or wake phase.,stress points,float64,526,89.30390492359932,63,10.69609507640068,526,False,False,False,False,0.0,3.0737287062657663,7.597996089396759,13.175916978262038,16.12440617121746,19.239906896400974,24.358968974717165,38.371401643670715,16.20406468325964,5.042114555119351,20.4; 14.53; 15.83,feature,True,True,
wake_q3_hr_mean,relative windows,hr,wake,wake_q3,hr_mean,Compact summary for a relative quarter of the sleep or wake phase.,bpm,float64,527,89.47368421052632,62,10.526315789473683,527,False,False,False,False,0.0,52.26857142857143,62.04986381958819,70.53813736416829,78.58215962441315,86.60877431026685,96.88871023713128,140.0,79.00342331645435,11.29266446316395,71.72; 91.95; 68.85,feature,True,True,
wake_q3_hr_p90,relative windows,hr,wake,wake_q3,hr_p90,Compact summary for a relative quarter of the sleep or wake phase.,bpm,float64,527,89.47368421052632,62,10.526315789473683,232,False,False,False,False,0.0,60.0,72.27,84.0,93.70000000000002,104.0,119.94,160.7,94.69127134724859,15.13008487757592,85; 104.5; 81,feature,True,True,
wake_q3_hr_std,relative windows,hr,wake,wake_q3,hr_std,Compact summary for a relative quarter of the sleep or wake phase.,bpm,float64,527,89.47368421052632,62,10.526315789473683,527,False,False,False,False,0.0,2.662705391138869,6.079030813532021,8.375574999199221,10.902878698783315,13.706099103328079,19.264463601801296,32.01362788025324,11.528499201481932,4.190570730104027,11.81; 9.645; 9.769,feature,True,True,
wake_q3_stress_high_fraction,relative windows,stress,wake,wake_q3,stress_high_fraction,Compact summary for a relative quarter of the sleep or wake phase.,fraction 0..1,float64,526,89.30390492359932,63,10.69609507640068,499,False,False,False,False,2.091254752851711,0.0,0.012565494517366176,0.09437676422522656,0.29973262032085557,0.5717078042516763,0.9083713272543059,1.0,0.35713352792773057,0.28895883371042497,0.1147; 0.8544; 0.05742,feature,True,True,
wake_q3_stress_mean,relative windows,stress,wake,wake_q3,stress_mean,Compact summary for a relative quarter of the sleep or wake phase.,stress points,float64,526,89.30390492359932,63,10.69609507640068,524,False,False,False,False,0.0,15.56,31.511392284186403,47.74885321100918,62.50080187038683,74.57690899102728,86.40652230178587,95.77272727272727,61.01465095174067,17.192430268853695,49.75; 85.6; 44.54,feature,True,True,
wake_q3_stress_p90,relative windows,stress,wake,wake_q3,stress_p90,Compact summary for a relative quarter of the sleep or wake phase.,stress points,float64,526,89.30390492359932,63,10.69609507640068,187,False,False,False,False,0.0,30.0,53.6,75.0,85.95000000000002,92.0,96.0,99.0,81.67585551330798,13.575625619473755,77.3; 96; 69,feature,True,True,
wake_q3_stress_std,relative windows,stress,wake,wake_q3,stress_std,Compact summary for a relative quarter of the sleep or wake phase.,stress points,float64,526,89.30390492359932,63,10.69609507640068,526,False,False,False,False,0.0,2.7786821301050773,7.6571769933729215,13.37918932483198,16.38166203718405,19.53753189888098,24.35058431622726,30.45592433389826,16.28372961371941,4.967061377318571,19.63; 10.12; 18.1,feature,True,True,
wake_q4_hr_mean,relative windows,hr,wake,wake_q4,hr_mean,Compact summary for a relative quarter of the sleep or wake phase.,bpm,float64,540,91.68081494057725,49,8.31918505942275,540,False,False,False,False,0.0,48.17142857142857,58.52855531686359,65.85239361702128,72.2822966507177,78.75632755217146,88.528499987862,107.91005291005291,72.7281350699568,9.41520579597753,80.96; 62.81; 55.66,feature,True,True,
wake_q4_hr_p90,relative windows,hr,wake,wake_q4,hr_p90,Compact summary for a relative quarter of the sleep or wake phase.,bpm,float64,540,91.68081494057725,49,8.31918505942275,213,False,False,False,False,0.0,51.6,68.29500000000002,78.0,86.25000000000003,95.0,108.0,136.0,87.07370370370371,12.61547158530413,100.6; 79.9; 65,feature,True,True,
wake_q4_hr_std,relative windows,hr,wake,wake_q4,hr_std,Compact summary for a relative quarter of the sleep or wake phase.,bpm,float64,540,91.68081494057725,49,8.31918505942275,540,False,False,False,False,0.0,2.384302405145722,5.849067320036989,8.335006109218936,10.118067961935811,12.464647467407305,16.923914986925382,24.95176861972925,10.585649725667588,3.308152500929615,13.21; 12.09; 6.72,feature,True,True,
wake_q4_stress_high_fraction,relative windows,stress,wake,wake_q4,stress_high_fraction,Compact summary for a relative quarter of the sleep or wake phase.,fraction 0..1,float64,540,91.68081494057725,49,8.31918505942275,483,False,False,False,False,5.37037037037037,0.0,0.0,0.04151260504201681,0.14342592592592593,0.33989266547406083,0.7361238245818423,1.0,0.22979546506968057,0.23511597669681464,0.4126; 0.04202; 0,feature,True,True,
wake_q4_stress_mean,relative windows,stress,wake,wake_q4,stress_mean,Compact summary for a relative quarter of the sleep or wake phase.,stress points,float64,540,91.68081494057725,49,8.31918505942275,540,False,False,False,False,0.0,5.476923076923077,25.696989247311826,38.32612288135593,51.16730963534491,63.65899122807018,79.29029201870229,90.26168224299066,51.11426233152416,16.94079599993659,65.13; 31.13; 19.89,feature,True,True,
wake_q4_stress_p90,relative windows,stress,wake,wake_q4,stress_p90,Compact summary for a relative quarter of the sleep or wake phase.,stress points,float64,540,91.68081494057725,49,8.31918505942275,217,False,False,False,False,0.0,15.0,38.29500000000001,66.15,79.0,87.625,95.0,99.0,74.86111111111111,17.210302864602877,93; 63.2; 33,feature,True,True,
wake_q4_stress_std,relative windows,stress,wake,wake_q4,stress_std,Compact summary for a relative quarter of the sleep or wake phase.,stress points,float64,540,91.68081494057725,49,8.31918505942275,540,False,False,False,False,0.0,4.800986092004569,10.58385934353688,15.262517115636228,18.31928202847755,20.98116032392243,25.41684874387369,33.17455726775761,18.177385317484,4.561804253181975,23.08; 19.68; 11.13,feature,True,True,
pre_sleep_4h_hr_slope_per_hour,trends,hr,wake/pre-sleep,pre_sleep_4h,slope_per_hour,Simple linear trend or robust endpoint-band contrast in interpretable per-hour units.,bpm/hour,float64,523,88.79456706281834,66,11.205432937181664,523,False,False,False,False,0.0,-144.80446927374246,-10.252509321363284,-6.025948048555247,-3.1660162087921124,-0.9962985888157043,2.3955036622729557,9.266281375593858,-4.210579404559828,8.690389705263888,-3.631; -9.798; -4.071,feature,True,True,
pre_sleep_4h_hr_trend_r2,trends,hr,wake/pre-sleep,pre_sleep_4h,trend_r2,Simple linear trend or robust endpoint-band contrast in interpretable per-hour units.,r2 0..1,float64,523,88.79456706281834,66,11.205432937181664,523,False,False,False,False,0.0,8.250430556411281e-06,0.001485539199532704,0.04861429553498242,0.15109113236647287,0.33781090094201327,0.5933204806787681,0.8324480313868186,0.21193574358596634,0.1959560379568352,0.09848; 0.2634; 0.5078,feature,True,True,
pre_sleep_4h_stress_slope_per_hour,trends,stress,wake/pre-sleep,pre_sleep_4h,slope_per_hour,Simple linear trend or robust endpoint-band contrast in interpretable per-hour units.,stress points/hour,float64,523,88.79456706281834,66,11.205432937181664,523,False,False,False,False,0.0,-115.83431603773576,-18.807557505600577,-11.723078588252388,-6.773143321532559,-1.9917902717020564,6.108758373567461,75.42857142857153,-7.351058649189482,11.758228468647289,-7.095; -17.65; -7.351,feature,True,True,
pre_sleep_4h_stress_trend_r2,trends,stress,wake/pre-sleep,pre_sleep_4h,trend_r2,Simple linear trend or robust endpoint-band contrast in interpretable per-hour units.,r2 0..1,float64,523,88.79456706281834,66,11.205432937181664,523,False,False,False,False,0.0,3.033951850861527e-06,0.0013755855685463228,0.06968428200360177,0.2271604045042971,0.4160066089023282,0.6606582576765497,0.8841094805189148,0.2681779394823984,0.2208017952238425,0.1177; 0.3109; 0.5635,feature,True,True,
sleep_hr_slope_per_hour,trends,hr,sleep,sleep_phase,slope_per_hour,Simple linear trend or robust endpoint-band contrast in interpretable per-hour units.,bpm/hour,float64,555,94.22750424448218,34,5.772495755517826,555,False,False,False,False,0.0,-6.232047004994396,-1.8931573122542906,-1.1093783964850459,-0.5899951391926358,-0.15232962199068495,0.4968094881386667,3.8832873133220485,-0.6414843048639088,0.8298507511977234,-0.2071; -0.8381; -0.3009,feature,True,True,
sleep_hr_trend_r2,trends,hr,sleep,sleep_phase,trend_r2,Simple linear trend or robust endpoint-band contrast in interpretable per-hour units.,r2 0..1,float64,555,94.22750424448218,34,5.772495755517826,555,False,False,False,False,0.0,4.589472943350437e-06,0.001608737088115253,0.020219622179069197,0.07991267300058269,0.20316373030307572,0.40508007447415134,0.7067862626192963,0.1298397850456712,0.13434151457252136,0.01358; 0.06039; 0.01698,feature,True,True,
sleep_stress_slope_per_hour,trends,stress,sleep,sleep_phase,slope_per_hour,Simple linear trend or robust endpoint-band contrast in interpretable per-hour units.,stress points/hour,float64,555,94.22750424448218,34,5.772495755517826,555,False,False,False,False,0.0,-8.31436023577257,-3.823587429636981,-2.1129090187304302,-1.1052247419609247,-0.344876912234547,0.6411865213996729,7.915791499926135,-1.296602846323564,1.4942594273226077,0.3169; -1.175; -1.1,feature,True,True,
sleep_stress_trend_r2,trends,stress,sleep,sleep_phase,trend_r2,Simple linear trend or robust endpoint-band contrast in interpretable per-hour units.,r2 0..1,float64,555,94.22750424448218,34,5.772495755517826,555,False,False,False,False,0.0,1.8766061937736112e-07,0.0005529820431566025,0.02966698750141017,0.10977333753060148,0.23476184065029015,0.42921112571211517,0.7735517614614597,0.14958036342761194,0.143948576411925,0.0136; 0.06526; 0.1141,feature,True,True,
wake_hr_slope_per_hour,trends,hr,wake,wake_phase,slope_per_hour,Simple linear trend or robust endpoint-band contrast in interpretable per-hour units.,bpm/hour,float64,557,94.56706281833617,32,5.432937181663837,557,False,False,False,False,0.0,-62.65780340020012,-2.836900191179699,-1.3504988827174838,-0.5109601242771821,0.27524272707396075,1.2652748062634436,43.24895903842477,-0.9036357512470781,5.38441402691105,0.1439; -0.4723; -1.225,feature,True,True,
wake_hr_trend_r2,trends,hr,wake,wake_phase,trend_r2,Simple linear trend or robust endpoint-band contrast in interpretable per-hour units.,r2 0..1,float64,557,94.56706281833617,32,5.432937181663837,557,False,False,False,False,0.0,1.7053106945441598e-06,0.0009420447804111555,0.018767485165428144,0.073602905114179,0.18413359071742286,0.43925808085691004,0.79364185668005,0.12747002628907925,0.14730845244488083,0.001519; 0.008729; 0.09207,feature,True,True,
wake_stress_slope_per_hour,trends,stress,wake,wake_phase,slope_per_hour,Simple linear trend or robust endpoint-band contrast in interpretable per-hour units.,stress points/hour,float64,557,94.56706281833617,32,5.432937181663837,557,False,False,False,False,0.0,-115.83431603773445,-3.825120361821332,-1.7892564668112596,-0.40408815607734555,0.9468487775367413,2.8491019272061258,75.42857142857414,-0.8191184396871123,8.885209510979669,1.637; 0.5981; -0.3142,feature,True,True,
wake_stress_trend_r2,trends,stress,wake,wake_phase,trend_r2,Simple linear trend or robust endpoint-band contrast in interpretable per-hour units.,r2 0..1,float64,557,94.56706281833617,32,5.432937181663837,557,False,False,False,False,0.0,8.375160331919318e-08,0.0007249128809567296,0.01878871012468175,0.08637787078192949,0.22599561419326852,0.49672261529469414,0.75324995122279,0.14462993896750945,0.1594939880415922,0.1122; 0.009549; 0.005935,feature,True,True,
hr_wake_mean_minus_sleep_mean,sleep-wake contrast,hr,sleep-wake,not_windowed,hr_wake_mean_minus_sleep_mean,Difference between wake and sleep monitoring summaries.,bpm,float64,523,88.79456706281834,66,11.205432937181664,523,False,False,False,False,0.0,-4.452851979673369,13.640900693569069,20.336781637801003,26.275375644591563,31.614522068761197,39.409948328733904,56.78432769761884,26.134755392820654,8.183643339875038,30.57; 29.9; 21.6,feature,True,True,
hr_wake_median_minus_sleep_median,sleep-wake contrast,hr,sleep-wake,not_windowed,hr_wake_median_minus_sleep_median,Difference between wake and sleep monitoring summaries.,bpm,float64,523,88.79456706281834,66,11.205432937181664,64,False,False,False,False,0.0,-2.0,11.05,19.0,25.0,31.0,38.89999999999998,56.0,24.95315487571702,8.505324200755213,28; 27.5; 18,feature,True,True,
hr_wake_p90_minus_sleep_p90,sleep-wake contrast,hr,sleep-wake,not_windowed,hr_wake_p90_minus_sleep_p90,Difference between wake and sleep monitoring summaries.,bpm,float64,523,88.79456706281834,66,11.205432937181664,177,False,False,False,False,0.0,-7.0,20.72999999999999,30.0,38.0,45.0,56.80999999999996,82.9,38.20822179732314,11.641525417504713,50; 42; 36,feature,True,True,
stress_wake_active_fraction_minus_sleep_active_fraction,sleep-wake contrast,stress,sleep-wake,not_windowed,stress_wake_active_fraction_minus_sleep_active_fraction,Difference between wake and sleep monitoring summaries.,fraction 0..1,float64,523,88.79456706281834,66,11.205432937181664,523,False,False,False,False,0.0,0.013513513513513514,0.05163571947313826,0.13345080136938828,0.1827956989247312,0.23961298711810702,0.35965800215985955,0.6526195899772209,0.19410707462675203,0.0958651579377792,0.2934; 0.1992; 0.2408,feature,True,True,
stress_wake_high_fraction_minus_sleep_high_fraction,sleep-wake contrast,stress,sleep-wake,not_windowed,stress_wake_high_fraction_minus_sleep_high_fraction,Difference between wake and sleep monitoring summaries.,fraction 0..1,float64,523,88.79456706281834,66,11.205432937181664,522,False,False,False,False,0.0,-0.11268869299957385,0.04233403582718651,0.11482654412982282,0.20229007633587787,0.3076483090022434,0.5021109226504951,0.6595238095238095,0.2236878668704598,0.1391366107850269,0.1659; 0.2116; 0.01728,feature,True,True,
stress_wake_mean_minus_sleep_mean,sleep-wake contrast,stress,sleep-wake,not_windowed,stress_wake_mean_minus_sleep_mean,Difference between wake and sleep monitoring summaries.,stress points,float64,523,88.79456706281834,66,11.205432937181664,523,False,False,False,False,0.0,-17.056141311789673,18.745071593260178,33.001838525641446,42.171275122571956,51.47798981010648,63.514583054569144,77.41838266838266,41.62344591635866,14.12224565347347,48.32; 39.38; 23.52,feature,True,True,
stress_wake_median_minus_sleep_median,sleep-wake contrast,stress,sleep-wake,not_windowed,stress_wake_median_minus_sleep_median,Difference between wake and sleep monitoring summaries.,stress points,float64,523,88.79456706281834,66,11.205432937181664,106,False,False,False,False,0.0,-25.5,14.0,31.0,46.0,58.0,70.0,85.0,44.1414913957935,18.310004664551332,50; 29.5; 19,feature,True,True,
stress_wake_p90_minus_sleep_p90,sleep-wake contrast,stress,sleep-wake,not_windowed,stress_wake_p90_minus_sleep_p90,Difference between wake and sleep monitoring summaries.,stress points,float64,523,88.79456706281834,66,11.205432937181664,175,False,False,False,False,0.0,-11.0,30.410000000000004,50.0,61.0,68.0,75.0,82.0,57.78221797323136,14.22553279233893,75; 73; 42,feature,True,True,
sleep_frac_hr_below_zone1_stress_high,HR/stress coupling,hr+stress,sleep,sleep_phase,sleep_frac_hr_below_zone1_stress_high,Same-minute paired HR/stress feature using only valid HR and valid numeric stress rows.,fraction 0..1,float64,555,94.22750424448218,34,5.772495755517826,142,False,False,False,False,72.7927927927928,0.0,0.0,0.0,0.0,0.0024154730301350685,0.015037634524554097,0.45604395604395603,0.003972839324996511,0.02331251859880921,0; 0.003509; 0.008264,feature,True,True,requires paired valid HR and stress minutes
sleep_frac_hr_zone2_plus_stress_high,HR/stress coupling,hr+stress,sleep,sleep_phase,sleep_frac_hr_zone2_plus_stress_high,Same-minute paired HR/stress feature using only valid HR and valid numeric stress rows.,fraction 0..1,float64,555,94.22750424448218,34,5.772495755517826,1,False,True,False,True,100.0,0.0,0.0,0.0,0.0,0.0,0.0,0.0,0.0,0.0,0,feature,True,False,constant among non-null values; sparse or rare-event style feature; requires paired valid HR and stress minutes
sleep_hr_diff_stress_diff_corr,HR/stress coupling,hr+stress,sleep,sleep_phase,diff_stress_diff_corr,Same-minute paired HR/stress feature using only valid HR and valid numeric stress rows.,correlation -1..1,float64,555,94.22750424448218,34,5.772495755517826,555,False,False,False,False,0.0,-0.1957198925773255,-0.08426350057846978,0.18277107323837716,0.4136165769917586,0.6777489127305072,0.8020140451993852,0.8939143362711989,0.40809659246773256,0.2858480646468213,0.7071; 0.7786; 0.7994,feature,True,True,requires paired valid HR and stress minutes
sleep_hr_stress_corr,HR/stress coupling,hr+stress,sleep,sleep_phase,stress_corr,Same-minute paired HR/stress feature using only valid HR and valid numeric stress rows.,correlation -1..1,float64,555,94.22750424448218,34,5.772495755517826,555,False,False,False,False,0.0,0.4585651874938085,0.6671674030620937,0.7731564456265532,0.8331814458888056,0.8891318818781304,0.9297175502478464,0.9706307617761863,0.821763929164477,0.08372830072330595,0.846; 0.9116; 0.9118,feature,True,True,requires paired valid HR and stress minutes
sleep_stress_hr_r2,HR/stress coupling,hr+stress,sleep,sleep_phase,hr_r2,Same-minute paired HR/stress feature using only valid HR and valid numeric stress rows.,r2 0..1,float64,555,94.22750424448218,34,5.772495755517826,555,False,False,False,False,0.0,0.2102820311812318,0.4451123486643929,0.5977708954818116,0.6941913217733602,0.7905555035468892,0.8643747278390813,0.9421240757062197,0.6823063836178519,0.13206496799706607,0.7157; 0.831; 0.8315,feature,True,True,requires paired valid HR and stress minutes
sleep_stress_hr_slope,HR/stress coupling,hr+stress,sleep,sleep_phase,hr_slope,Same-minute paired HR/stress feature using only valid HR and valid numeric stress rows.,mixed,float64,555,94.22750424448218,34,5.772495755517826,555,False,False,False,False,0.0,0.5745929864265645,0.9734772843864286,1.2268993580920624,1.4159771596780335,1.6649237587360017,1.9865418941648725,3.348842979617223,1.4547018409770174,0.33005806899026335,1.413; 1.629; 1.504,feature,True,True,requires paired valid HR and stress minutes
wake_frac_hr_below_zone1_stress_high,HR/stress coupling,hr+stress,wake,wake_phase,wake_frac_hr_below_zone1_stress_high,Same-minute paired HR/stress feature using only valid HR and valid numeric stress rows.,fraction 0..1,float64,556,94.39728353140917,33,5.602716468590832,547,False,False,False,False,0.7194244604316548,0.0,0.05373163797188438,0.12771152969770622,0.21806573780257993,0.3354685686983824,0.551896048120229,0.76,0.24604552977163308,0.15105497211553684,0.1802; 0.1992; 0.02394,feature,True,True,requires paired valid HR and stress minutes
wake_frac_hr_zone2_plus_stress_high,HR/stress coupling,hr+stress,wake,wake_phase,wake_frac_hr_zone2_plus_stress_high,Same-minute paired HR/stress feature using only valid HR and valid numeric stress rows.,fraction 0..1,float64,556,94.39728353140917,33,5.602716468590832,195,False,False,False,False,63.12949640287769,0.0,0.0,0.0,0.0,0.0020986428334988415,0.011981976386522809,0.06422018348623854,0.0023840962068513777,0.0057781636948059465,0; 0.006036; 0.002392,feature,True,True,requires paired valid HR and stress minutes
wake_hr_diff_stress_diff_corr,HR/stress coupling,hr+stress,wake,wake_phase,diff_stress_diff_corr,Same-minute paired HR/stress feature using only valid HR and valid numeric stress rows.,correlation -1..1,float64,556,94.39728353140917,33,5.602716468590832,556,False,False,False,False,0.0,-0.06958793568406621,0.16435240874399448,0.3497175914352214,0.45995143238513425,0.59475097784802,0.7402823898222937,0.881783194396175,0.46113863173090636,0.17627402389109523,0.6797; 0.6478; 0.328,feature,True,True,requires paired valid HR and stress minutes
wake_hr_stress_corr,HR/stress coupling,hr+stress,wake,wake_phase,stress_corr,Same-minute paired HR/stress feature using only valid HR and valid numeric stress rows.,correlation -1..1,float64,556,94.39728353140917,33,5.602716468590832,556,False,False,False,False,0.0,0.5140839890304946,0.7985272802396375,0.8636170834897389,0.8984517749399225,0.9191856779741943,0.946022654754751,0.9765947961129943,0.88640421503262,0.051281324375616784,0.9224; 0.947; 0.8698,feature,True,True,requires paired valid HR and stress minutes
wake_stress_hr_r2,HR/stress coupling,hr+stress,wake,wake_phase,hr_r2,Same-minute paired HR/stress feature using only valid HR and valid numeric stress rows.,r2 0..1,float64,556,94.39728353140917,33,5.602716468590832,556,False,False,False,False,0.0,0.2642823477775057,0.6376465508841122,0.7458346247770395,0.8072155927928899,0.8449023111696479,0.8949589408066059,0.9537373957949807,0.7883422066573126,0.0856273284960179,0.8509; 0.8969; 0.7566,feature,True,True,requires paired valid HR and stress minutes
wake_stress_hr_slope,HR/stress coupling,hr+stress,wake,wake_phase,hr_slope,Same-minute paired HR/stress feature using only valid HR and valid numeric stress rows.,mixed,float64,556,94.39728353140917,33,5.602716468590832,556,False,False,False,False,0.0,0.7190664768083873,1.3287758015920135,1.641691473154893,1.815155722158619,1.9582773755387832,2.1511695781800464,2.6606895185258534,1.7861569826417387,0.2577411954310096,1.731; 1.695; 1.754,feature,True,True,requires paired valid HR and stress minutes
