candidate_type,candidate_id,model_kind,feature_selection_mode,feature_selection_top_k,feature_selection_min_features,feature_selection_min_abs_spearman,feature_selection_min_mutual_info,feature_selection_correlation_threshold,feature_selection_lasso_alpha,robust_clip,calibration,target_transform,prediction_clip,alpha,l1_ratio,epsilon,n_components,fit_intercept,max_iter,tol,train_n_rows,train_n_rows_std,train_n_rows_min,train_n_rows_max,train_mae,train_mae_std,train_mae_min,train_mae_max,train_rmse,train_rmse_std,train_rmse_min,train_rmse_max,train_r2,train_r2_std,train_r2_min,train_r2_max,train_pearson,train_pearson_std,train_pearson_min,train_pearson_max,train_spearman,train_spearman_std,train_spearman_min,train_spearman_max,train_bias_pred_minus_target,train_bias_pred_minus_target_std,train_bias_pred_minus_target_min,train_bias_pred_minus_target_max,train_pred_mean,train_pred_mean_std,train_pred_mean_min,train_pred_mean_max,train_pred_min,train_pred_min_std,train_pred_min_min,train_pred_min_max,train_pred_max,train_pred_max_std,train_pred_max_min,train_pred_max_max,valid_n_rows,valid_n_rows_std,valid_n_rows_min,valid_n_rows_max,valid_mae,valid_mae_std,valid_mae_min,valid_mae_max,valid_rmse,valid_rmse_std,valid_rmse_min,valid_rmse_max,valid_r2,valid_r2_std,valid_r2_min,valid_r2_max,valid_pearson,valid_pearson_std,valid_pearson_min,valid_pearson_max,valid_spearman,valid_spearman_std,valid_spearman_min,valid_spearman_max,valid_bias_pred_minus_target,valid_bias_pred_minus_target_std,valid_bias_pred_minus_target_min,valid_bias_pred_minus_target_max,valid_pred_mean,valid_pred_mean_std,valid_pred_mean_min,valid_pred_mean_max,valid_pred_min,valid_pred_min_std,valid_pred_min_min,valid_pred_min_max,valid_pred_max,valid_pred_max_std,valid_pred_max_min,valid_pred_max_max,selected_feature_count,selected_feature_count_std,selected_feature_count_min,selected_feature_count_max,calibration_applied,calibration_applied_std,calibration_applied_min,calibration_applied_max,calibration_intercept,calibration_intercept_std,calibration_intercept_min,calibration_intercept_max,calibration_slope,calibration_slope_std,calibration_slope_min,calibration_slope_max,tuning_repeated_holdout_repeats,tuning_repeated_holdout_random_states,selection_metric,selection_metric_value,selection_metric_std,selection_rank,mean_train_mae,std_train_mae,mean_train_rmse,std_train_rmse,mean_train_r2,std_train_r2,mean_valid_mae,std_valid_mae,mean_valid_rmse,std_valid_rmse,mean_valid_r2,std_valid_r2,mean_valid_pearson,std_valid_pearson,mean_valid_spearman,std_valid_spearman,mean_selected_feature_count,std_selected_feature_count,model_param_1,model_param_2,feature_selection_param_1,feature_selection_param_2,model_parameter_label,feature_selection_parameter_label,feature_selection_config_label,candidate_short_label,mean_mae_generalization_gap,test_mae,test_rmse,test_r2,test_pearson,test_spearman,test_bias_pred_minus_target,test_pred_mean,test_pred_min,test_pred_max,selected_feature_count_final_refit,baseline_value
linear_family,11535.0,huber,top_spearman,90.0,8.0,0.0,0.0,0.95,0.03,z=4,linear,none,0_100,30.0,,1.15,,True,500000.0,0.0001,330.0,0.0,330.0,330.0,3.572319094827408,0.12910572645905488,3.4292645442417946,3.680175907305286,5.383314788702577,0.1625215340251884,5.20177154683122,5.515254206762085,0.4110659872280203,0.02843732108344203,0.38310641921364563,0.4399581200689744,0.647734606337086,0.023369216467487065,0.6247859536295817,0.6715028247713404,0.6482853932900917,0.018902364047965234,0.626493829922878,0.6602513109983886,-0.005571656205613208,0.03086369029917281,-0.03931258164129543,0.02123509565561807,16.280115177754023,0.10132280900085651,16.176386582803786,16.378847327388822,3.8878821010932527,0.6092503079850821,3.246542216472906,4.4589483334643765,27.404982613831734,0.9687395296707425,26.286405077040765,27.97094198839731,71.0,0.0,71.0,71.0,3.610268250701535,0.39519132771592086,3.353549775806716,4.065350465589514,4.951843305354694,0.6515761901923677,4.394520211103905,5.668220237275557,0.3503212215681611,0.11766871842077879,0.26264515173411085,0.4840514551379591,0.5952284042822312,0.10375552408165749,0.5131776670766334,0.7118577818427094,0.58108450778593,0.09717716339999116,0.5123243572417105,0.6922593248006929,0.14638190928948208,0.3595585531828722,-0.1748663311069684,0.5347822995392617,15.729527386691858,0.26838606161959266,15.482328302361493,16.014992730067018,8.96788533378036,1.4527797373783153,7.548614807100809,10.45200258168212,24.725816223161157,1.6514682547374633,22.9721667366347,26.25139554653132,90.0,0.0,90.0,90.0,1.0,0.0,True,True,-2.4160575926752137,0.03954202942563272,-2.4601728737230397,-2.3838041895681927,1.1733163078592892,0.00464731449776017,1.1681219883387357,1.1770804361623686,3.0,"42,1051,2060",mae,3.610268250701535,0.39519132771592086,1.0,3.572319094827408,0.12910572645905488,5.383314788702577,0.1625215340251884,0.4110659872280203,0.02843732108344203,3.610268250701535,0.39519132771592086,4.951843305354694,0.6515761901923677,0.3503212215681611,0.11766871842077879,0.5952284042822312,0.10375552408165749,0.58108450778593,0.09717716339999116,90.0,0.0,alpha=30,epsilon=1.15,top_k=90,min_features=8,"alpha=30, epsilon=1.15","top_k=90, min_features=8",top_spearman_90,Huber alpha=30 eps=1.15 | top_spearman_90 | clip=z=4 | cal=linear,0.03794915587412717,5.335537074764082,8.736232136634777,0.279234461556611,0.5710889052122532,0.5876306810290433,-1.8334866117612063,16.93397815359945,7.34686786235892,26.962723441872214,90.0,
linear_family,11537.0,huber,top_spearman,90.0,8.0,0.0,0.0,0.95,0.03,z=5,linear,none,0_100,30.0,,1.15,,True,500000.0,0.0001,330.0,0.0,330.0,330.0,3.5709812629342874,0.12455031027687037,3.433407367614437,3.6760703769890273,5.361378373626715,0.1602573218433644,5.182394204861174,5.491563328427886,0.41585763419068966,0.027937403294551705,0.38825997756618613,0.4441228205266261,0.651236024433662,0.02264556977193601,0.6291116753915867,0.674369102603306,0.6489448885065445,0.018618870424644614,0.6274591974867486,0.6603481482357794,-0.007115140032462965,0.034295817546523305,-0.04157628454462262,0.027012924356133217,16.278571693927173,0.09434188287439804,16.182164411504303,16.370702750111086,3.0757711069489653,0.3895244688941382,2.772893715195987,3.5151825029915384,27.335229573892466,1.1404667477803017,26.018380975476866,28.00348898523649,71.0,0.0,71.0,71.0,3.611107419595337,0.4022529554562755,3.3355918655077192,4.072710568329329,4.958430145381429,0.6472288776810998,4.411114901816695,5.672814142850108,0.3482703304431118,0.11934248962854103,0.26144946382181755,0.48435887697410884,0.5941715210306103,0.10504950463426457,0.5121081905740938,0.7125634200336757,0.5813360027821984,0.09800521236857788,0.510396056492781,0.6931647649871783,0.14250683982425127,0.37187190954140775,-0.18300116772807404,0.5477935627754965,15.725652317226631,0.271148525425395,15.46582666735067,16.00685789344592,8.847855654453879,1.5572278150122012,7.3546308289143685,10.462032579604154,24.736162553837346,1.6332693539899212,22.96324406082534,26.179522864747682,90.0,0.0,90.0,90.0,1.0,0.0,True,True,-2.5399198944384995,0.10581000031082101,-2.6315320098003228,-2.424105470079205,1.1807160116132505,0.009576112608548988,1.169931566580149,1.188223356274648,3.0,"42,1051,2060",mae,3.611107419595337,0.4022529554562755,2.0,3.5709812629342874,0.12455031027687037,5.361378373626715,0.1602573218433644,0.41585763419068966,0.027937403294551705,3.611107419595337,0.4022529554562755,4.958430145381429,0.6472288776810998,0.3482703304431118,0.11934248962854103,0.5941715210306103,0.10504950463426457,0.5813360027821984,0.09800521236857788,90.0,0.0,alpha=30,epsilon=1.15,top_k=90,min_features=8,"alpha=30, epsilon=1.15","top_k=90, min_features=8",top_spearman_90,Huber alpha=30 eps=1.15 | top_spearman_90 | clip=z=5 | cal=linear,0.040126156661049794,5.3424176531699,8.660144078103707,0.2917347771233657,0.5824341615731184,0.5810913907933153,-1.8086558085979065,16.95880895676275,7.258494746019126,27.379013816582624,90.0,
linear_family,11529.0,huber,top_spearman,90.0,8.0,0.0,0.0,0.95,0.03,z=4,linear,none,0_100,30.0,,1.1,,True,500000.0,0.0001,330.0,0.0,330.0,330.0,3.566053554339837,0.12902759808886138,3.4241150616804603,3.6762429395623037,5.395349555552773,0.1644617985650791,5.213240911370036,5.5330409280730075,0.40845287242220163,0.028028521106007925,0.38155024561159534,0.43748572934561836,0.6461632868013026,0.023639474573266667,0.6233449121086654,0.670546143265875,0.6466781175788001,0.018345099847337842,0.6255065904892623,0.657870114520473,-0.013462609257599118,0.05759893496133337,-0.05211248263355015,0.05273745702696659,16.27222422470204,0.0642915764940401,16.207888944175135,16.33647200785377,3.8229352912351864,0.619061194250807,3.123018213602882,4.298686618223898,27.194408296339944,1.076234187689152,25.951770116603324,27.828680858583372,71.0,0.0,71.0,71.0,3.6117970627758074,0.3986563048082225,3.3620804128407453,4.071555440628156,4.957789011903518,0.6637938603931788,4.386989238959502,5.686204703399426,0.3490229331362016,0.11809696748688925,0.2579586821642481,0.48246052134086936,0.5926637935927753,0.10349150083134269,0.5081978537875267,0.7081061857300812,0.5783681574236165,0.0935514805789177,0.5087695767306403,0.6847139899133142,0.13727395306630452,0.2926964298553644,-0.11554008100504597,0.45793595248982943,15.720419430468686,0.3145900176687657,15.472524530639468,16.074318980168947,8.938775287745932,1.7547478260213947,7.2103177335180115,10.718681844076542,24.6791751407426,1.7476732982058059,22.789983611640128,26.238245056122945,90.0,0.0,90.0,90.0,1.0,0.0,True,True,-2.3982608932885063,0.08249040115330622,-2.4577601728209233,-2.304094306343967,1.1706753924721018,0.005073244767495408,1.1676049336368173,1.1765311570853578,3.0,"42,1051,2060",mae,3.6117970627758074,0.3986563048082225,3.0,3.566053554339837,0.12902759808886138,5.395349555552773,0.1644617985650791,0.40845287242220163,0.028028521106007925,3.6117970627758074,0.3986563048082225,4.957789011903518,0.6637938603931788,0.3490229331362016,0.11809696748688925,0.5926637935927753,0.10349150083134269,0.5783681574236165,0.0935514805789177,90.0,0.0,alpha=30,epsilon=1.1,top_k=90,min_features=8,"alpha=30, epsilon=1.1","top_k=90, min_features=8",top_spearman_90,Huber alpha=30 eps=1.1 | top_spearman_90 | clip=z=4 | cal=linear,0.045743508435970526,5.319826987193427,8.716227002323567,0.28253165011595804,0.5744588206205828,0.5931974614348426,-1.8189794136003652,16.94848535176029,7.495385963052907,26.989734949514133,90.0,
linear_family,59907.0,huber,spearman_then_correlation,90.0,8.0,0.0,0.0,0.99,0.03,z=4,linear,none,0_100,30.0,,1.15,,True,500000.0,0.0001,330.0,0.0,330.0,330.0,3.577575734954411,0.1270514369908254,3.4385030052377816,3.687561445027546,5.389198940806389,0.1591874314838892,5.212032612768058,5.52020506440523,0.40979081853294536,0.027604177322518807,0.38255206261877095,0.4377464525507718,0.646320050690239,0.022769454679506366,0.6239282833606355,0.6694492756010946,0.6489050406342961,0.018057606024120515,0.6280582529725957,0.6596968343339492,-0.0029753100047758808,0.03673821677229541,-0.04365251125508187,0.027790205093976044,16.28271152395486,0.10075375340305871,16.182941692242142,16.38442118616676,3.7937792385412306,0.6764669768819384,3.0452457879060537,4.361387179774969,27.345686057464892,0.9694030377435681,26.238049982711086,28.03950050199012,71.0,0.0,71.0,71.0,3.6132515106759464,0.3851172201750767,3.3733564911166627,4.057472142943973,4.950159443986627,0.6437741474806474,4.390897245932575,5.65389489141773,0.3510174220874154,0.11447992855960465,0.266367489599751,0.48127102837752367,0.596001749423011,0.10066121162834468,0.5166179032098758,0.7092214444718412,0.5793239068716601,0.09470422431427418,0.5096079683606097,0.6871452644881363,0.15747587842575653,0.3539612521272948,-0.14938874511335126,0.5447118367080918,15.740621355828134,0.2822072405962478,15.480203086607869,16.04047031606064,8.931751214333689,1.4604608129761876,7.4827302391012065,10.403389165132282,24.787480938595305,1.6115274925562713,23.058031911078125,26.24699567182595,85.0,0.0,85.0,85.0,1.0,0.0,True,True,-2.579236244269863,0.05455344440872644,-2.6421360476335476,-2.544821658884261,1.1842029121905433,0.005470102947748156,1.1790031909736158,1.189908284143156,3.0,"42,1051,2060",mae,3.6132515106759464,0.3851172201750767,4.0,3.577575734954411,0.1270514369908254,5.389198940806389,0.1591874314838892,0.40979081853294536,0.027604177322518807,3.6132515106759464,0.3851172201750767,4.950159443986627,0.6437741474806474,0.3510174220874154,0.11447992855960465,0.596001749423011,0.10066121162834468,0.5793239068716601,0.09470422431427418,85.0,0.0,alpha=30,epsilon=1.15,top_k=90,corr=0.99,"alpha=30, epsilon=1.15","top_k=90, corr=0.99, min_features=8",spearman_then_correlation_90_corr0.99,Huber alpha=30 eps=1.15 | spearman_then_correlation_90_corr0.99 | clip=z=4 | cal=linear,0.03567577572153535,5.317502254344235,8.711251338741123,0.28335055081799165,0.5755829690597658,0.5861216140515676,-1.8345856668889169,16.932879098471744,7.39233517313089,27.02524924008495,85.0,
linear_family,59852.0,huber,spearman_then_correlation,90.0,8.0,0.0,0.0,0.99,0.03,z=4,none,none,0_100,10.0,,1.15,,True,500000.0,0.0001,330.0,0.0,330.0,330.0,3.48549009339375,0.15110743701609583,3.3161643044903273,3.6066227072130213,5.406151037845732,0.17040138313525377,5.224295609999083,5.562140905871436,0.4061567905945491,0.0264257422441676,0.3833112450232038,0.43509757236571645,0.6571799321875161,0.023758521809227738,0.6350463268857349,0.682284006504164,0.6596305466267564,0.019413263696193093,0.6374778495167758,0.6736764600325329,-0.3758248787495309,0.06439731789111207,-0.44572305347315433,-0.31890539245419275,15.909861955210104,0.1358444832224486,15.792305296826921,16.05857941756579,4.478563613108638,0.17377821485307976,4.280758173517295,4.606683177507723,26.17697947264823,0.14502018515257428,26.021959857310332,26.309330352945768,71.0,0.0,71.0,71.0,3.616020605978154,0.42436982948346663,3.353288685262285,4.1056025703804915,4.996974457181985,0.7241781954447161,4.3277085905839865,5.765769179003061,0.3411937730775962,0.11295861515871262,0.23704730374600058,0.4612727680354193,0.5865444695701826,0.10280266222346153,0.491310872443087,0.6955315283898729,0.5769373314750951,0.09796863101743518,0.5079479529332702,0.689073516737133,-0.14588849503989895,0.3307762973294364,-0.427670995134668,0.21830059614176045,15.437256982362479,0.2986348166976631,15.174803456798552,15.76218806603932,8.84022344753066,1.4534380515750618,7.205304692944189,9.985955073410919,23.36440321918921,1.1416240730398952,22.1678054959582,24.44168114163407,85.0,0.0,85.0,85.0,0.0,0.0,False,False,0.0,0.0,0.0,0.0,1.0,0.0,1.0,1.0,3.0,"42,1051,2060",mae,3.616020605978154,0.42436982948346663,5.0,3.48549009339375,0.15110743701609583,5.406151037845732,0.17040138313525377,0.4061567905945491,0.0264257422441676,3.616020605978154,0.42436982948346663,4.996974457181985,0.7241781954447161,0.3411937730775962,0.11295861515871262,0.5865444695701826,0.10280266222346153,0.5769373314750951,0.09796863101743518,85.0,0.0,alpha=10,epsilon=1.15,top_k=90,corr=0.99,"alpha=10, epsilon=1.15","top_k=90, corr=0.99, min_features=8",spearman_then_correlation_90_corr0.99,Huber alpha=10 eps=1.15 | spearman_then_correlation_90_corr0.99 | clip=z=4,0.13053051258440407,5.276400274474832,8.944956820702501,0.2443822003178473,0.5657564660804058,0.6119434267772631,-2.309477194394715,16.457987570965937,7.271141377408833,25.356643876991342,85.0,
linear_family,59909.0,huber,spearman_then_correlation,90.0,8.0,0.0,0.0,0.99,0.03,z=5,linear,none,0_100,30.0,,1.15,,True,500000.0,0.0001,330.0,0.0,330.0,330.0,3.576022026630209,0.12405608762173752,3.440582745524358,3.6841404756576415,5.367615342331657,0.15742745372546674,5.192404028215439,5.497163218462378,0.41450955051234883,0.027211086920735383,0.38755845995180604,0.44197338695365496,0.6497061726410444,0.02213732011546273,0.6280713222564747,0.6723138852989695,0.6490323759595172,0.01851953503996111,0.6276730743199064,0.6606111114235217,-0.0048070725947960335,0.03873966157497113,-0.0456645454535717,0.031393840686222065,16.280879761364844,0.09541215233821292,16.18654532783439,16.37733429700295,2.936303115092345,0.4183350337108615,2.5476056842752226,3.3790264082801023,27.34939549262744,1.1542095500664258,26.023519563120114,28.129548857944997,71.0,0.0,71.0,71.0,3.61621994706119,0.3940151424155727,3.3575547689034493,4.0696932103221695,4.95561683685218,0.6409629545782841,4.406134484771958,5.659759186279153,0.3492403444268823,0.11660314319505377,0.2648448335856435,0.48229150548180344,0.5951115269072617,0.10220224921210579,0.515250283317584,0.7102879862829661,0.5795754067882116,0.09794528693158956,0.5082665417526586,0.6912532801490424,0.15169547585983054,0.3661409198259848,-0.1590078261568957,0.5553549333462532,15.734840953262207,0.28520352811630106,15.461837863315472,16.030851235017096,8.7927578732226,1.5615464671889938,7.275483081775453,10.395098578540066,24.810486644275745,1.6131667779750887,23.061319148217347,26.239702573675736,85.0,0.0,85.0,85.0,1.0,0.0,True,True,-2.7172051367178685,0.1551687973363871,-2.89253066995984,-2.5975568466232155,1.1924237452430697,0.011728798341150521,1.1815076344519215,1.204823962004091,3.0,"42,1051,2060",mae,3.61621994706119,0.3940151424155727,6.0,3.576022026630209,0.12405608762173752,5.367615342331657,0.15742745372546674,0.41450955051234883,0.027211086920735383,3.61621994706119,0.3940151424155727,4.95561683685218,0.6409629545782841,0.3492403444268823,0.11660314319505377,0.5951115269072617,0.10220224921210579,0.5795754067882116,0.09794528693158956,85.0,0.0,alpha=30,epsilon=1.15,top_k=90,corr=0.99,"alpha=30, epsilon=1.15","top_k=90, corr=0.99, min_features=8",spearman_then_correlation_90_corr0.99,Huber alpha=30 eps=1.15 | spearman_then_correlation_90_corr0.99 | clip=z=5 | cal=linear,0.040197920430980805,5.322165088317356,8.645929991253434,0.2940578519875031,0.5856096210254871,0.581745319816888,-1.8186084298150353,16.948856335545624,7.3227731500799695,27.37872407001558,85.0,
linear_family,11531.0,huber,top_spearman,90.0,8.0,0.0,0.0,0.95,0.03,z=5,linear,none,0_100,30.0,,1.1,,True,500000.0,0.0001,330.0,0.0,330.0,330.0,3.565851618706636,0.12474067125513742,3.4287102401764327,3.672559124649443,5.374297556992459,0.15961761800468172,5.197361775678484,5.507465346369671,0.41306014488013637,0.02723813028134469,0.3864748608167309,0.4409072619856621,0.6494352156079602,0.02265893048391893,0.6274767431188006,0.6727350137363255,0.647649105823671,0.018723071243643804,0.6260306805589595,0.6586484857511268,-0.023384260542495598,0.049548114056482705,-0.05718645368117898,0.033492758915699805,16.26230257341714,0.07131891921800888,16.18864424606387,16.33102572315798,2.864526758710054,0.21330832232290756,2.647486070123141,3.073895727166175,27.134904055389097,1.2335214856659373,25.710689872395715,27.86391458795181,71.0,0.0,71.0,71.0,3.6162609842542004,0.40229820853233,3.351604968811471,4.079212257499644,4.965933261723106,0.6558429219557355,4.40738671578078,5.688093941708015,0.34655008763831346,0.11923010095064622,0.2574655146311011,0.48199766063172333,0.5914694379454231,0.10415913381543765,0.5079301886487549,0.7081725032420692,0.5776192127906733,0.09773316624105606,0.5087360410654415,0.6894759345977933,0.12440973160047474,0.3197715824208439,-0.15075072365449713,0.475224355660239,15.707555209002853,0.30088541089669346,15.451854105721017,16.039108337519497,8.791840512753337,1.8447630844243432,7.020924142150269,10.70250221146202,24.67654540028578,1.7183532712115652,22.79281201794746,26.15822629364089,90.0,0.0,90.0,90.0,1.0,0.0,True,True,-2.5222957791508835,0.06856873131537825,-2.5903743777970787,-2.4532472064994484,1.178112404957447,0.008702310328035331,1.168366297247444,1.1851044782612021,3.0,"42,1051,2060",mae,3.6162609842542004,0.40229820853233,7.0,3.565851618706636,0.12474067125513742,5.374297556992459,0.15961761800468172,0.41306014488013637,0.02723813028134469,3.6162609842542004,0.40229820853233,4.965933261723106,0.6558429219557355,0.34655008763831346,0.11923010095064622,0.5914694379454231,0.10415913381543765,0.5776192127906733,0.09773316624105606,90.0,0.0,alpha=30,epsilon=1.1,top_k=90,min_features=8,"alpha=30, epsilon=1.1","top_k=90, min_features=8",top_spearman_90,Huber alpha=30 eps=1.1 | top_spearman_90 | clip=z=5 | cal=linear,0.050409365547564366,5.322704772801263,8.640675904273897,0.2949155860790621,0.5858875129091643,0.5889050042544672,-1.7939492675586368,16.973515497802023,7.41569876285268,27.303046505612794,90.0,
linear_family,59901.0,huber,spearman_then_correlation,90.0,8.0,0.0,0.0,0.99,0.03,z=4,linear,none,0_100,30.0,,1.1,,True,500000.0,0.0001,330.0,0.0,330.0,330.0,3.5710018927182126,0.12916106581135722,3.42999442271115,3.683579978259586,5.399105012419732,0.16159217818891783,5.221705139712952,5.537894827237264,0.40765163539436006,0.026898970333665135,0.382016688124029,0.4356576479272243,0.6449160779532671,0.022955007247409568,0.6229457222749121,0.6687429831394006,0.646953602849054,0.018623753003486187,0.6254590066505035,0.6582761631761895,-0.01527670477645015,0.053064478544400925,-0.06073410016373011,0.043033698703205205,16.270410129183187,0.07580867080307675,16.198185185851376,16.34935509715116,3.7036953260068874,0.7469027969841421,2.869266323339314,4.309748297396788,27.19848616851962,0.996697751930683,26.054791498759634,27.881591246840806,71.0,0.0,71.0,71.0,3.61642586930972,0.38983320525857784,3.382570632256752,4.066450656841513,4.9560450094216995,0.6586830225296371,4.384566264721665,5.676436377552057,0.3496266813570899,0.1161301394121099,0.260505996468131,0.4809587756772129,0.5932380312685516,0.10109657418884194,0.5106856011573355,0.7059938904528876,0.577949008281031,0.09183998838662502,0.5130789097086831,0.6830372488272303,0.13979560405050978,0.2980483042267057,-0.11175736433372364,0.468977151417626,15.722941081452888,0.31783571075083994,15.465265567992965,16.078101696840267,8.890478293467103,1.7766750136492317,7.100267513655968,10.65330087636328,24.797966633201316,1.7427115709023424,22.92031701862274,26.36358292337116,85.0,0.0,85.0,85.0,1.0,0.0,True,True,-2.5876904030001757,0.04299145116507419,-2.6241602299935427,-2.54028823624604,1.1830384456449436,0.002746141969819506,1.180441997882316,1.1859131022017508,3.0,"42,1051,2060",mae,3.61642586930972,0.38983320525857784,8.0,3.5710018927182126,0.12916106581135722,5.399105012419732,0.16159217818891783,0.40765163539436006,0.026898970333665135,3.61642586930972,0.38983320525857784,4.9560450094216995,0.6586830225296371,0.3496266813570899,0.1161301394121099,0.5932380312685516,0.10109657418884194,0.577949008281031,0.09183998838662502,85.0,0.0,alpha=30,epsilon=1.1,top_k=90,corr=0.99,"alpha=30, epsilon=1.1","top_k=90, corr=0.99, min_features=8",spearman_then_correlation_90_corr0.99,Huber alpha=30 eps=1.1 | spearman_then_correlation_90_corr0.99 | clip=z=4 | cal=linear,0.04542397659150765,5.3006362100307465,8.690475619229096,0.2867647912914131,0.5788152657937659,0.5937004837606679,-1.8251895769914535,16.9422751883692,7.471895645899712,27.020807559487537,85.0,
linear_family,58190.0,huber,spearman_then_correlation,90.0,8.0,0.0,0.0,0.95,0.03,z=4,none,none,0_100,10.0,,1.2,,True,500000.0,0.0001,330.0,0.0,330.0,330.0,3.5092123411246017,0.1469738439436404,3.3442682318142025,3.6262732871528836,5.3975976239776955,0.1802956415634115,5.203348221189573,5.55958291050715,0.4080107448956638,0.028634918675112933,0.3838004234865692,0.439618567482159,0.6590051224087784,0.02473344124313111,0.6366850112871432,0.6855957513667776,0.6581465986017353,0.02113028496959229,0.6337601325425963,0.6710211155339664,-0.3952690379609014,0.04974446389217408,-0.4492782569620094,-0.35133029473323935,15.890417795998736,0.12878173679961213,15.769952924960716,16.026154515286745,4.638320816293219,0.2752174996944239,4.323074937034718,4.830724481129852,26.720968947527798,0.4010603406179421,26.45896574170221,27.182674552411264,71.0,0.0,71.0,71.0,3.617389425869318,0.4052293063361349,3.3710247603028316,4.085084645761158,4.986241226286249,0.7079744846746647,4.325579479401935,5.733552210888617,0.3440917049961601,0.1087692356214935,0.245549673482502,0.4608004523025815,0.590461506281129,0.09989706964766389,0.5002821431211704,0.6978423298416374,0.5814310615494801,0.09149559808622867,0.5155773167659919,0.6859044760844341,-0.15471627507336425,0.3285613703583973,-0.44380663969502704,0.2026026013445476,15.428429202329015,0.2892527615843363,15.180153756055729,15.746052421478964,9.025246614734945,1.295897470494485,7.640772892851555,10.20918932178259,23.44423502378886,1.112242210416766,22.468292126332067,24.655210158753018,68.33333333333333,1.5275252316519452,67.0,70.0,0.0,0.0,False,False,0.0,0.0,0.0,0.0,1.0,0.0,1.0,1.0,3.0,"42,1051,2060",mae,3.617389425869318,0.4052293063361349,9.0,3.5092123411246017,0.1469738439436404,5.3975976239776955,0.1802956415634115,0.4080107448956638,0.028634918675112933,3.617389425869318,0.4052293063361349,4.986241226286249,0.7079744846746647,0.3440917049961601,0.1087692356214935,0.590461506281129,0.09989706964766389,0.5814310615494801,0.09149559808622867,68.33333333333333,1.5275252316519452,alpha=10,epsilon=1.2,top_k=90,corr=0.95,"alpha=10, epsilon=1.2","top_k=90, corr=0.95, min_features=8",spearman_then_correlation_90_corr0.95,Huber alpha=10 eps=1.2 | spearman_then_correlation_90_corr0.95 | clip=z=4,0.10817708474471655,5.297127694180466,8.957523563029325,0.242257578682591,0.5602216366651136,0.5958634797617164,-2.2739006943191367,16.493564071041522,7.108635526073803,25.47876710631615,69.0,
linear_family,59844.0,huber,spearman_then_correlation,90.0,8.0,0.0,0.0,0.99,0.03,none,none,none,0_100,10.0,,1.1,,True,500000.0,0.0001,330.0,0.0,330.0,330.0,3.453269688697684,0.1457009596171868,3.2899304214558196,3.569853251717027,5.3499843420137765,0.18917641444832392,5.179296704988929,5.553383290481148,0.4186086001231913,0.02295062738814547,0.4019492785665769,0.44478711384684166,0.6673497817001376,0.020669666503201088,0.6549763365733383,0.6912115857378648,0.6569698587096123,0.024044599008477253,0.6294223230170133,0.6737424095469277,-0.32997400055601717,0.1094491741778195,-0.44727169538860484,-0.23058132147862986,15.955712833403618,0.1664499663647096,15.843082502347352,16.146903488541355,3.7044106502393377,0.34052917272280714,3.3212281683551623,3.972412012618916,30.348552027743377,3.8943439346716047,26.0940952415837,33.7369753988256,71.0,0.0,71.0,71.0,3.6181186755966497,0.4375906182903789,3.3297609133009747,4.121634306755712,5.006189271190133,0.7030490087821496,4.368251027691397,5.75996180467965,0.33799167559408033,0.1142667355111735,0.2385834458976761,0.462831599121305,0.5865395032527546,0.10652320776575887,0.4940838878033622,0.703025144502351,0.576920547335272,0.1068051096893734,0.505952580853943,0.699754357455489,-0.0969884906151699,0.41526358495662935,-0.43788484129966,0.3654975308335851,15.486156986787208,0.28541765051333995,15.184520381545903,15.751974219874327,8.767494120322484,1.3153628705209965,7.438842005449425,10.069152233580581,23.345837709628867,1.4963692502255233,21.745311729068547,24.709889997593955,85.0,0.0,85.0,85.0,0.0,0.0,False,False,0.0,0.0,0.0,0.0,1.0,0.0,1.0,1.0,3.0,"42,1051,2060",mae,3.6181186755966497,0.4375906182903789,10.0,3.453269688697684,0.1457009596171868,5.3499843420137765,0.18917641444832392,0.4186086001231913,0.02295062738814547,3.6181186755966497,0.4375906182903789,5.006189271190133,0.7030490087821496,0.33799167559408033,0.1142667355111735,0.5865395032527546,0.10652320776575887,0.576920547335272,0.1068051096893734,85.0,0.0,alpha=10,epsilon=1.1,top_k=90,corr=0.99,"alpha=10, epsilon=1.1","top_k=90, corr=0.99, min_features=8",spearman_then_correlation_90_corr0.99,Huber alpha=10 eps=1.1 | spearman_then_correlation_90_corr0.99 | clip=none,0.16484898689896577,5.286778605488926,8.725803853218583,0.28095416431396103,0.597498259353057,0.601933282493341,-2.1330421082790787,16.634422657081576,7.449235934782918,26.269907563018734,85.0,
linear_family,58184.0,huber,spearman_then_correlation,90.0,8.0,0.0,0.0,0.95,0.03,z=4,none,none,0_100,10.0,,1.15,,True,500000.0,0.0001,330.0,0.0,330.0,330.0,3.499446653815587,0.14726026099309253,3.3347891616247614,3.6185383862807847,5.410723818028711,0.1733426531898484,5.224856702264426,5.567982618801926,0.40514200429938246,0.027223244659390963,0.3816490828542751,0.43497622417738624,0.6566662752440651,0.02413163790312346,0.6341417592323917,0.6821348903380988,0.6558628534300469,0.01991405455020644,0.632931505904843,0.6688065475366708,-0.36258269162867185,0.06002803853833766,-0.43113152785104836,-0.31941118409574004,15.923104142330965,0.12280817104397161,15.817946124208943,16.05807362592424,4.554475078111479,0.23252253370887785,4.29643554861264,4.7477476995632255,26.67413425265829,0.3286215914591794,26.415868136304567,27.044028832326518,71.0,0.0,71.0,71.0,3.619201812891326,0.42305029012961337,3.3667225551570055,4.1076046871178065,4.99135526858969,0.7188809756431143,4.318817744371471,5.74900250194575,0.3429479708686072,0.10969182427458736,0.24147813732224577,0.4593350084966562,0.5886352131393732,0.1015201275357858,0.49476745162936275,0.6963800205992647,0.5720580313623936,0.09419683366656861,0.5099097893473986,0.6804383001437998,-0.12673894033199906,0.2918030183612318,-0.36466268559132786,0.1988463097409157,15.456406537070379,0.33006908574262744,15.188698097779751,15.825196375582664,8.900852451435917,1.4397077657162118,7.303501399026938,10.098414756300103,23.376120872832484,1.169532234138955,22.29908153251757,24.620186672772086,68.33333333333333,1.5275252316519452,67.0,70.0,0.0,0.0,False,False,0.0,0.0,0.0,0.0,1.0,0.0,1.0,1.0,3.0,"42,1051,2060",mae,3.619201812891326,0.42305029012961337,11.0,3.499446653815587,0.14726026099309253,5.410723818028711,0.1733426531898484,0.40514200429938246,0.027223244659390963,3.619201812891326,0.42305029012961337,4.99135526858969,0.7188809756431143,0.3429479708686072,0.10969182427458736,0.5886352131393732,0.1015201275357858,0.5720580313623936,0.09419683366656861,68.33333333333333,1.5275252316519452,alpha=10,epsilon=1.15,top_k=90,corr=0.95,"alpha=10, epsilon=1.15","top_k=90, corr=0.95, min_features=8",spearman_then_correlation_90_corr0.95,Huber alpha=10 eps=1.15 | spearman_then_correlation_90_corr0.95 | clip=z=4,0.1197551590757393,5.283392769876136,8.956054214698645,0.24250615101102357,0.5617368636268079,0.6030231641992956,-2.267228906979902,16.500235858380755,7.18788693905592,25.256267199674994,69.0,
linear_family,58118.0,huber,spearman_then_correlation,90.0,8.0,0.0,0.0,0.95,0.03,z=4,none,none,0_100,3.0,,1.05,,True,500000.0,0.0001,330.0,0.0,330.0,330.0,3.3817686449789144,0.15212822677926366,3.2093868844608724,3.4972237331296308,5.423436931728488,0.20324515944473967,5.215317636052961,5.621429342292361,0.4024003092634847,0.030071619641429966,0.38295988801395164,0.43703747845243723,0.6506555824095531,0.024069120990923683,0.6311508307764104,0.6775542722053092,0.6519971541169735,0.021286766062059655,0.6274191268856887,0.6645447067906378,-0.40929568232568636,0.11365740315681282,-0.5319361066856974,-0.30750943467211855,15.876391151633952,0.1681435891603105,15.766709981528926,16.069975375347866,3.6159599484544045,0.11393338501108986,3.5500626943737412,3.7475188191236644,26.792198632251285,1.1270083423174426,25.78461273647001,28.00924174706801,71.0,0.0,71.0,71.0,3.6196891280408683,0.42640755761804333,3.3695871622205464,4.112041295557604,5.023198374281358,0.6731569705754356,4.3839492535650235,5.725786024612753,0.33421874342810803,0.1025533871183295,0.24759211885178456,0.44745392743983337,0.5803455562681298,0.09178323438086447,0.5004134525104529,0.6805802252297144,0.5736675679892788,0.096995094647582,0.4938294378845853,0.6816120189040586,-0.16288589698866196,0.23972862516780877,-0.34589845546958176,0.10848037308786103,15.420259580413715,0.3712678773001127,15.151858934341075,15.843960605704405,8.624574587051159,1.0052607098528066,7.468756310442366,9.29528554843344,22.890424573848126,1.3525083995787637,21.543263645884828,24.248217758084163,68.33333333333333,1.5275252316519452,67.0,70.0,0.0,0.0,False,False,0.0,0.0,0.0,0.0,1.0,0.0,1.0,1.0,3.0,"42,1051,2060",mae,3.6196891280408683,0.42640755761804333,12.0,3.3817686449789144,0.15212822677926366,5.423436931728488,0.20324515944473967,0.4024003092634847,0.030071619641429966,3.6196891280408683,0.42640755761804333,5.023198374281358,0.6731569705754356,0.33421874342810803,0.1025533871183295,0.5803455562681298,0.09178323438086447,0.5736675679892788,0.096995094647582,68.33333333333333,1.5275252316519452,alpha=3,epsilon=1.05,top_k=90,corr=0.95,"alpha=3, epsilon=1.05","top_k=90, corr=0.95, min_features=8",spearman_then_correlation_90_corr0.95,Huber alpha=3 eps=1.05 | spearman_then_correlation_90_corr0.95 | clip=z=4,0.2379204830619539,5.305232786782609,8.910387611899747,0.2502113251360155,0.552967993277021,0.6168395107486287,-2.179116688241737,16.588348077118923,6.354790689082657,26.198887068456422,69.0,
linear_family,59854.0,huber,spearman_then_correlation,90.0,8.0,0.0,0.0,0.99,0.03,z=5,none,none,0_100,10.0,,1.15,,True,500000.0,0.0001,330.0,0.0,330.0,330.0,3.480905336182383,0.1477320145772065,3.3143351678597246,3.59605783943847,5.3775577601231745,0.16865023504232293,5.200040995710822,5.535661297490023,0.4124446052662281,0.02521731907588145,0.39124292783525383,0.44033069309648076,0.6625225224729359,0.022410494750468,0.6422351136228864,0.6865783100120724,0.6592044069686719,0.019725860687307993,0.6366741000438473,0.6733675825600512,-0.36410865909980883,0.06935494952565753,-0.439370785955897,-0.3027748907727438,15.921578174859826,0.13852901981888494,15.804971186577383,16.07470991924724,4.166658485548441,0.2149081913115731,3.9187029203375516,4.299242019342653,26.33619045513552,0.49274561400638006,25.946923314796578,26.890200652552476,71.0,0.0,71.0,71.0,3.6202950431897505,0.42752617952172983,3.3522676762024686,4.113334675725859,5.006189375665673,0.7158526831511669,4.34669945427485,5.767501071249988,0.3385547310796571,0.11281570744475969,0.2365888912536368,0.45974882871881273,0.5845946783609058,0.1028511464925344,0.4909721848563954,0.6946868848666857,0.5757076862004211,0.10357843216990696,0.5037559947834231,0.6944223208017414,-0.13833841031617553,0.35390252999023875,-0.4342269255238938,0.2537051931688652,15.4448070670862,0.2950411292705471,15.168605044331837,15.755632135650094,8.757246027034228,1.4542627289638705,7.147469526161386,9.976072434423635,23.32919376268819,1.1713265982909382,22.087429664525224,24.414319759763572,85.0,0.0,85.0,85.0,0.0,0.0,False,False,0.0,0.0,0.0,0.0,1.0,0.0,1.0,1.0,3.0,"42,1051,2060",mae,3.6202950431897505,0.42752617952172983,13.0,3.480905336182383,0.1477320145772065,5.3775577601231745,0.16865023504232293,0.4124446052662281,0.02521731907588145,3.6202950431897505,0.42752617952172983,5.006189375665673,0.7158526831511669,0.3385547310796571,0.11281570744475969,0.5845946783609058,0.1028511464925344,0.5757076862004211,0.10357843216990696,85.0,0.0,alpha=10,epsilon=1.15,top_k=90,corr=0.99,"alpha=10, epsilon=1.15","top_k=90, corr=0.99, min_features=8",spearman_then_correlation_90_corr0.99,Huber alpha=10 eps=1.15 | spearman_then_correlation_90_corr0.99 | clip=z=5,0.1393897070073673,5.288934885714675,8.84662800375087,0.26090338295996196,0.5800633410662059,0.6076174347751662,-2.2413657491397654,16.526099016220893,7.233501264533384,25.960459676125584,85.0,
linear_family,59843.0,huber,spearman_then_correlation,90.0,8.0,0.0,0.0,0.99,0.03,z=5,linear,none,0_100,10.0,,1.05,,True,500000.0,0.0001,330.0,0.0,330.0,330.0,3.477078827471098,0.1369555696022073,3.3253760548142344,3.591615218920766,5.403189245469425,0.17991662234383257,5.231473755897435,5.590315613117598,0.40694245301741044,0.023040071374635308,0.39331494431988845,0.43354416188331424,0.6503135290205502,0.02092110848727782,0.6349922552353051,0.6741493539347884,0.6518501727144645,0.024188943173852298,0.6239875807874127,0.6674731986203257,-0.07828330861165984,0.1216372190041476,-0.2166872773802658,0.011627831208996,16.20740352534798,0.15761124371697266,16.107736927330492,16.389112641228984,3.350632260570894,0.06695759126818987,3.2820202784681256,3.415802728977079,26.54202627243086,0.5230433420217456,26.05253890652641,27.093161741497237,71.0,0.0,71.0,71.0,3.6208541676400574,0.4445383843718721,3.3165671194959736,4.131008053892825,4.987608572780856,0.692288977819394,4.4069936564568,5.753761350365833,0.3408616695710642,0.12591098724352273,0.2402218551890234,0.48205125008327476,0.5850996237858629,0.11282762400927661,0.4902502914496868,0.7098726956008348,0.5736116456922492,0.10939664612910567,0.4901405147127199,0.6974572221675537,0.13889860065244172,0.2678515793164698,-0.06525055421856354,0.44218652373484185,15.722044078054822,0.3572289784462111,15.442858375366384,16.12460850695543,8.373296749744656,1.4001727535211572,6.77120362329514,9.362643473193538,24.100628041060872,1.7323978547351675,22.409371039306798,25.87142660338844,85.0,0.0,85.0,85.0,1.0,0.0,True,True,-0.4343044343000868,0.14083569622890812,-0.5811508034424454,-0.30036843096659155,1.048027656580013,0.011976477241879235,1.040552177997602,1.0618413038748769,3.0,"42,1051,2060",mae,3.6208541676400574,0.4445383843718721,14.0,3.477078827471098,0.1369555696022073,5.403189245469425,0.17991662234383257,0.40694245301741044,0.023040071374635308,3.6208541676400574,0.4445383843718721,4.987608572780856,0.692288977819394,0.3408616695710642,0.12591098724352273,0.5850996237858629,0.11282762400927661,0.5736116456922492,0.10939664612910567,85.0,0.0,alpha=10,epsilon=1.05,top_k=90,corr=0.99,"alpha=10, epsilon=1.05","top_k=90, corr=0.99, min_features=8",spearman_then_correlation_90_corr0.99,Huber alpha=10 eps=1.05 | spearman_then_correlation_90_corr0.99 | clip=z=5 | cal=linear,0.14377534016895943,5.25231720934178,8.799412498922527,0.2687716228449397,0.5800313094239599,0.616286186190221,-2.097666636702343,16.66979812865831,7.020961924818478,25.673552325154418,85.0,
linear_family,59903.0,huber,spearman_then_correlation,90.0,8.0,0.0,0.0,0.99,0.03,z=5,linear,none,0_100,30.0,,1.1,,True,500000.0,0.0001,330.0,0.0,330.0,330.0,3.57022127652047,0.12565116313913646,3.4328462835990896,3.67933522828095,5.378157266107139,0.15960094825672286,5.202444115821044,5.514140022241901,0.4122333873277984,0.02669779563615204,0.3865151472912437,0.439813288198203,0.6481701661997251,0.02242393128410842,0.6267159662225346,0.6714519733429478,0.6474729064484741,0.01929259877660895,0.625196878135236,0.6588065976248783,-0.02393597369303847,0.04948712159214304,-0.06858946610627212,0.029269963159570245,16.2617508602666,0.08045078208123431,16.184421450307738,16.344996391887573,2.71265991936272,0.2893749035772394,2.381906545665459,2.919140002193271,27.202452926601325,1.1828153292466594,25.840017597608075,27.966613847811075,71.0,0.0,71.0,71.0,3.621260298396971,0.3955222397381103,3.373574496308622,4.077408254639437,4.9615710089419345,0.6525628485784568,4.400751318621264,5.677812504577887,0.34787037863769177,0.1173493124499564,0.2601474049265611,0.48117106855843816,0.5925186746915293,0.10184706224713731,0.5105133566813238,0.7065224977415023,0.5780048694259713,0.09445716187233409,0.5094738256998146,0.6857535693866865,0.12818151631909977,0.322418305558013,-0.13951505784451143,0.486100042153623,15.71132699372148,0.3104062725707095,15.441058107573525,16.050344003329478,8.726268574566184,1.8444385283245075,6.897039498190805,10.585549310082346,24.79712518793845,1.7278494935418394,22.932201302527435,26.343596942088695,85.0,0.0,85.0,85.0,1.0,0.0,True,True,-2.7013622285083865,0.09448260551387823,-2.809747416526991,-2.636378387661024,1.1897547222241318,0.009037451483566699,1.1806774601968313,1.198751829982548,3.0,"42,1051,2060",mae,3.621260298396971,0.3955222397381103,15.0,3.57022127652047,0.12565116313913646,5.378157266107139,0.15960094825672286,0.4122333873277984,0.02669779563615204,3.621260298396971,0.3955222397381103,4.9615710089419345,0.6525628485784568,0.34787037863769177,0.1173493124499564,0.5925186746915293,0.10184706224713731,0.5780048694259713,0.09445716187233409,85.0,0.0,alpha=30,epsilon=1.1,top_k=90,corr=0.99,"alpha=30, epsilon=1.1","top_k=90, corr=0.99, min_features=8",spearman_then_correlation_90_corr0.99,Huber alpha=30 eps=1.1 | spearman_then_correlation_90_corr0.99 | clip=z=5 | cal=linear,0.05103902187650089,5.296847158782324,8.622253383997633,0.2979189587019556,0.589381852719769,0.5898942814952569,-1.8057172598119604,16.961747505548693,7.418310794984864,27.33211826588564,85.0,
linear_family,59899.0,huber,spearman_then_correlation,90.0,8.0,0.0,0.0,0.99,0.03,none,linear,none,0_100,30.0,,1.1,,True,500000.0,0.0001,330.0,0.0,330.0,330.0,3.566819854098234,0.1278056896534052,3.4276944207189257,3.6790133067426805,5.34383097352162,0.1648169365551757,5.175581421590939,5.5049861901047885,0.4198324254540817,0.022938590315221736,0.40158615814560716,0.4455833738363689,0.652956035587727,0.019147846742171033,0.6384081146591272,0.6746490297350818,0.6470089778378073,0.02040306003464447,0.6234548087541524,0.6592169891266023,-0.04416136256882538,0.05783005578037383,-0.10676784620206549,0.007257457958629164,16.241525471390812,0.0933680918608845,16.162408945106797,16.344511110556944,1.9503568032256051,0.34321591962543235,1.6987700692609877,2.341339261148876,29.070432844009265,1.3412433780574917,28.15229244585349,30.609640745483862,71.0,0.0,71.0,71.0,3.62139462009682,0.4065566066552293,3.3513950605463974,4.088980407991658,4.956055936706613,0.6367222977709406,4.418130861150714,5.659060804557151,0.3487463408198139,0.11858277207835914,0.2650262502281866,0.48444179338434123,0.5959579433995642,0.10296644817250482,0.5157761245649295,0.7120767844968798,0.5782563829787356,0.10307817670596559,0.5097588788540042,0.6968032931439808,0.10573303388152168,0.39427657210830375,-0.20807394992565703,0.5482899836652061,15.688878511283898,0.30116631923413756,15.38008161083035,15.981785111248332,8.745447435429723,1.6330294367994105,7.371810887127552,10.551027130228558,24.90794552421403,1.6869962623412074,23.07135368680852,26.38851735938022,85.0,0.0,85.0,85.0,1.0,0.0,True,True,-3.1148814555787965,0.28828665463787057,-3.4476231893025933,-2.9400607827335556,1.2141198641384057,0.019140822400340537,1.1993984701057951,1.2357575181296354,3.0,"42,1051,2060",mae,3.62139462009682,0.4065566066552293,16.0,3.566819854098234,0.1278056896534052,5.34383097352162,0.1648169365551757,0.4198324254540817,0.022938590315221736,3.62139462009682,0.4065566066552293,4.956055936706613,0.6367222977709406,0.3487463408198139,0.11858277207835914,0.5959579433995642,0.10296644817250482,0.5782563829787356,0.10307817670596559,85.0,0.0,alpha=30,epsilon=1.1,top_k=90,corr=0.99,"alpha=30, epsilon=1.1","top_k=90, corr=0.99, min_features=8",spearman_then_correlation_90_corr0.99,Huber alpha=30 eps=1.1 | spearman_then_correlation_90_corr0.99 | clip=none | cal=linear,0.05457476599858602,5.322053646385133,8.564268643030609,0.3073302107199445,0.5958907176418529,0.5826675274142343,-1.759727058108324,17.007737707252335,7.487578090622938,27.407784513245133,85.0,
linear_family,59858.0,huber,spearman_then_correlation,90.0,8.0,0.0,0.0,0.99,0.03,z=4,none,none,0_100,10.0,,1.2,,True,500000.0,0.0001,330.0,0.0,330.0,330.0,3.495508208518231,0.1519363518842661,3.3244232196236565,3.6146973960438435,5.384919605495566,0.17900085142486888,5.191744865355115,5.545177570345327,0.410785719874446,0.028460629047999307,0.38652676031556377,0.44211505815982954,0.6606939355842391,0.024684766602492532,0.6382465333063398,0.6871302400654886,0.6613434527832691,0.021058767885767524,0.6371801583430676,0.6757858427283887,-0.3987904441977996,0.050647168210300894,-0.4518689294236965,-0.35098758354097875,15.886896389761837,0.13301138897243583,15.761636667519445,16.026497226479005,4.6106898455531615,0.30722868632595474,4.297150810078103,4.911193216737258,26.324348139977513,0.36710166925929816,26.022769334880422,26.733112936333534,71.0,0.0,71.0,71.0,3.6217471371432084,0.4172778120100162,3.3552868327790515,4.102640850896653,4.998021364894662,0.713707545202955,4.336064942434107,5.754133356424795,0.3408786720448315,0.11099586857500786,0.24012360599405214,0.4598593780256154,0.5867353428802565,0.10043596161811144,0.49526891753294794,0.6942164475162578,0.5795474491541847,0.09778600405642617,0.5068412759817106,0.6907167230014954,-0.15842939203520712,0.3512849702441298,-0.47229889955324317,0.22102632592091367,15.424716085367171,0.2723253265081534,15.179082940452046,15.71756016162074,8.970386508584928,1.2508435370177622,7.59838200213399,10.047300874449341,23.39801853034189,1.0422776070448896,22.340619132351872,24.42448574032469,85.0,0.0,85.0,85.0,0.0,0.0,False,False,0.0,0.0,0.0,0.0,1.0,0.0,1.0,1.0,3.0,"42,1051,2060",mae,3.6217471371432084,0.4172778120100162,17.0,3.495508208518231,0.1519363518842661,5.384919605495566,0.17900085142486888,0.410785719874446,0.028460629047999307,3.6217471371432084,0.4172778120100162,4.998021364894662,0.713707545202955,0.3408786720448315,0.11099586857500786,0.5867353428802565,0.10043596161811144,0.5795474491541847,0.09778600405642617,85.0,0.0,alpha=10,epsilon=1.2,top_k=90,corr=0.99,"alpha=10, epsilon=1.2","top_k=90, corr=0.99, min_features=8",spearman_then_correlation_90_corr0.99,Huber alpha=10 eps=1.2 | spearman_then_correlation_90_corr0.99 | clip=z=4,0.1262389286249772,5.304486385764809,8.974952465568858,0.2393059890025151,0.5611468239962099,0.6028219552689655,-2.3464531265680018,16.421011638792656,7.24412525814326,25.424723100557642,85.0,
linear_family,11527.0,huber,top_spearman,90.0,8.0,0.0,0.0,0.95,0.03,none,linear,none,0_100,30.0,,1.1,,True,500000.0,0.0001,330.0,0.0,330.0,330.0,3.5616596988316895,0.12430319303166261,3.4258480303484102,3.669785886449545,5.33343811923459,0.16082169586238124,5.16975947462897,5.491241866336792,0.4220897284612213,0.022130078971286864,0.4041806313701065,0.44682998498301973,0.6552884120933292,0.018288442008051683,0.6412324434548846,0.6759651846484414,0.6475143681187409,0.02040848150515896,0.6239792327455251,0.6603207666721034,-0.03956380777563734,0.05689557313857071,-0.09981403684907161,0.013244751499819763,16.246123026183998,0.0904233484337728,16.16839623864799,16.345362672042327,2.144568474268388,0.36763231020250575,1.909315259446779,2.5682105374847857,29.442967859234287,1.9882846963103644,27.956683126876513,31.70152907983994,71.0,0.0,71.0,71.0,3.6217879701873823,0.4020230298353655,3.348838458126789,4.083449502420864,4.964789490141318,0.6382269829272819,4.426293721778175,5.669755646062442,0.3464252953919504,0.11922944183097797,0.26224562793192896,0.48286022697588626,0.5944271993941826,0.10483424512674192,0.5131931669380903,0.7127680403446762,0.5777030199015406,0.10473494317422787,0.5051644927217718,0.6977758029739097,0.10773524845811001,0.4084801776631737,-0.22100865039573372,0.5650263714952929,15.69088072586049,0.2944786570233947,15.38228656720011,15.96885041077826,8.874728328006748,1.5931739466668462,7.687678899988301,10.685376070275163,24.78416968226927,1.686591796362172,22.891209437506177,26.12703096132456,90.0,0.0,90.0,90.0,1.0,0.0,True,True,-2.9266475823608533,0.2702175008874743,-3.230608569034565,-2.7136483482869918,1.20164023501009,0.01886153976952257,1.184276586549027,1.2217078164208774,3.0,"42,1051,2060",mae,3.6217879701873823,0.4020230298353655,18.0,3.5616596988316895,0.12430319303166261,5.33343811923459,0.16082169586238124,0.4220897284612213,0.022130078971286864,3.6217879701873823,0.4020230298353655,4.964789490141318,0.6382269829272819,0.3464252953919504,0.11922944183097797,0.5944271993941826,0.10483424512674192,0.5777030199015406,0.10473494317422787,90.0,0.0,alpha=30,epsilon=1.1,top_k=90,min_features=8,"alpha=30, epsilon=1.1","top_k=90, min_features=8",top_spearman_90,Huber alpha=30 eps=1.1 | top_spearman_90 | clip=none | cal=linear,0.060128271355692764,5.337963815221882,8.568227992463786,0.3066896059468113,0.5942037159046956,0.5756755170852634,-1.7315446614554013,17.03592010390526,7.479232383425957,27.504801384793346,90.0,
linear_family,59845.0,huber,spearman_then_correlation,90.0,8.0,0.0,0.0,0.99,0.03,none,linear,none,0_100,10.0,,1.1,,True,500000.0,0.0001,330.0,0.0,330.0,330.0,3.4637914882427636,0.14283816617697503,3.3073105041301902,3.5871763921921245,5.298877127311223,0.18014425389698566,5.124526040953594,5.484303503700436,0.4296081841671026,0.02326768128884185,0.41562154537335927,0.45646769202575865,0.6673497817001376,0.020669666503200942,0.6549763365733384,0.6912115857378647,0.6569698587096123,0.024044599008477253,0.6294223230170133,0.6737424095469277,-0.02313967873113029,0.06642636290274415,-0.0998221837949979,0.016720373107658303,16.262547155228507,0.11446627705565124,16.17187186025583,16.391167584513934,3.2723884862854127,0.32254606745490355,2.9199440643471934,3.5528851558438577,31.47623728570257,3.8083026393418726,27.27876468074065,34.71035316822006,71.0,0.0,71.0,71.0,3.6218462270666527,0.4239255472426853,3.357945019814139,4.110840223312083,5.001992152328313,0.6854257099408735,4.3858955634642545,5.7403044921330695,0.33863997445453764,0.11403277373022098,0.24377162723721912,0.4651530390948654,0.5865395032527545,0.10652320776575885,0.4940838878033622,0.7030251445023509,0.576920547335272,0.1068051096893734,0.505952580853943,0.699754357455489,0.18052162421206205,0.3615354434088289,-0.11440745535797067,0.5838582128003788,15.763667101614438,0.3007987988381767,15.475212658119114,16.075451605816017,8.648335647517792,1.371632678985946,7.322154382253155,10.061298699170825,24.08168133101988,1.3891615812438098,22.5736232720576,25.30909241223407,85.0,0.0,85.0,85.0,1.0,0.0,True,True,-0.6578489329377247,0.2698409303379038,-0.9535921818078027,-0.4250298203323238,1.0605661693338773,0.020341553089103275,1.0414502952086055,1.081944271344469,3.0,"42,1051,2060",mae,3.6218462270666527,0.4239255472426853,19.0,3.4637914882427636,0.14283816617697503,5.298877127311223,0.18014425389698566,0.4296081841671026,0.02326768128884185,3.6218462270666527,0.4239255472426853,5.001992152328313,0.6854257099408735,0.33863997445453764,0.11403277373022098,0.5865395032527545,0.10652320776575885,0.576920547335272,0.1068051096893734,85.0,0.0,alpha=10,epsilon=1.1,top_k=90,corr=0.99,"alpha=10, epsilon=1.1","top_k=90, corr=0.99, min_features=8",spearman_then_correlation_90_corr0.99,Huber alpha=10 eps=1.1 | spearman_then_correlation_90_corr0.99 | clip=none | cal=linear,0.1580547388238891,5.305032359743244,8.579315646095969,0.304894098336813,0.5974982593530569,0.601933282493341,-1.8486475125185549,16.918817252842107,6.826535280649862,27.505867200715556,85.0,
linear_family,11543.0,huber,top_spearman,90.0,8.0,0.0,0.0,0.95,0.03,z=5,linear,none,0_100,30.0,,1.2,,True,500000.0,0.0001,330.0,0.0,330.0,330.0,3.5774162019529006,0.1275026857194263,3.434831026201608,3.6804741106619097,5.352491185964733,0.1590682979589004,5.173465984648599,5.477573526372057,0.41776956294893025,0.028467186959631248,0.389106264529572,0.44603649924523625,0.6527097457469501,0.0225344956994448,0.6305293796313104,0.6755824164733581,0.6498421355492986,0.01961453638414573,0.6273745483420093,0.6635529599111527,-0.022358360569704156,0.03378159455647876,-0.06136549035387924,-0.0026845009956505115,16.263328473389933,0.1113372012179456,16.152126396788585,16.374800309024334,3.2859622387957947,0.6594674505497299,2.7434872111332953,4.020004194704352,27.39559115785441,1.2563267488440442,25.945675545992305,28.161358750846325,71.0,0.0,71.0,71.0,3.6235553064483312,0.39950951011435776,3.3470627172008007,4.0816011238050285,4.962735310511878,0.640661833327149,4.420941927207287,5.669857324718501,0.3470506245424359,0.11898096109013548,0.2622191666343463,0.48305688140301273,0.5943125317597681,0.10535068362406723,0.5132912147128803,0.7134070701699232,0.579893987172829,0.09631452608176004,0.5082162382548604,0.6893753301326282,0.13622855122647357,0.4134009942956195,-0.22667040717118545,0.5862457901806905,15.719374028628849,0.25628897138546947,15.45220881359525,15.963188654002803,8.9743191367832,1.2084934856932343,7.8337644450627195,10.240877856341445,24.787069150033464,1.496979154688169,23.1797809406097,26.141544488841976,90.0,0.0,90.0,90.0,1.0,0.0,True,True,-2.4546998761887973,0.23633297395928843,-2.66606180400948,-2.199526851681964,1.176942509167988,0.016212458654194566,1.159198462898961,1.19098226218282,3.0,"42,1051,2060",mae,3.6235553064483312,0.39950951011435776,20.0,3.5774162019529006,0.1275026857194263,5.352491185964733,0.1590682979589004,0.41776956294893025,0.028467186959631248,3.6235553064483312,0.39950951011435776,4.962735310511878,0.640661833327149,0.3470506245424359,0.11898096109013548,0.5943125317597681,0.10535068362406723,0.579893987172829,0.09631452608176004,90.0,0.0,alpha=30,epsilon=1.2,top_k=90,min_features=8,"alpha=30, epsilon=1.2","top_k=90, min_features=8",top_spearman_90,Huber alpha=30 eps=1.2 | top_spearman_90 | clip=z=5 | cal=linear,0.04613910449543068,5.352935041056796,8.658993346584177,0.29192298853416976,0.5816035679656242,0.5900787230147262,-1.7995757634852827,16.967889001875374,7.2196726237288065,27.584161895220348,90.0,
linear_family,59846.0,huber,spearman_then_correlation,90.0,8.0,0.0,0.0,0.99,0.03,z=4,none,none,0_100,10.0,,1.1,,True,500000.0,0.0001,330.0,0.0,330.0,330.0,3.468288395406677,0.1478940361415641,3.303367305437335,3.589134113163338,5.436020371623747,0.16713748883270765,5.265075146052919,5.5990702849822505,0.3996397730681324,0.023742174885184188,0.3806065147799277,0.42624418081214455,0.6522764533885708,0.02274159695193417,0.6313315557674507,0.6764661788842028,0.6573263758390172,0.022021081123881805,0.6319841701114495,0.6718023250981511,-0.37576235099766,0.09084492693853653,-0.4721977182941001,-0.291796021203487,15.909924482961978,0.15518022330786901,15.791858173652779,16.085688788816498,4.236659626471075,0.21653390629317293,4.041847154071521,4.469797244535034,25.904266998503072,0.14693494823419254,25.75478006501786,26.048509541142238,71.0,0.0,71.0,71.0,3.6237584326746237,0.43383515900206066,3.354907282472591,4.124247170990168,5.00118736229004,0.724421070473837,4.345827670099459,5.77904899692787,0.3395068039775464,0.11720659241986217,0.23352876509909426,0.46539216600872735,0.5848744778692995,0.10671341202856306,0.4877232524510829,0.6990929261096523,0.5768701981491312,0.10185276150523358,0.5003521247657473,0.6924773011418839,-0.14289544359273135,0.3177313302151959,-0.4145804079550664,0.20647375425861972,15.440250033809647,0.30384570653873705,15.182518865843596,15.775278653218924,8.710120527625875,1.5366053930938168,6.9673124840124085,9.869832070011164,23.357916760289225,1.4509984312609074,21.844968872212704,24.737799048428855,85.0,0.0,85.0,85.0,0.0,0.0,False,False,0.0,0.0,0.0,0.0,1.0,0.0,1.0,1.0,3.0,"42,1051,2060",mae,3.6237584326746237,0.43383515900206066,21.0,3.468288395406677,0.1478940361415641,5.436020371623747,0.16713748883270765,0.3996397730681324,0.023742174885184188,3.6237584326746237,0.43383515900206066,5.00118736229004,0.724421070473837,0.3395068039775464,0.11720659241986217,0.5848744778692995,0.10671341202856306,0.5768701981491312,0.10185276150523358,85.0,0.0,alpha=10,epsilon=1.1,top_k=90,corr=0.99,"alpha=10, epsilon=1.1","top_k=90, corr=0.99, min_features=8",spearman_then_correlation_90_corr0.99,Huber alpha=10 eps=1.1 | spearman_then_correlation_90_corr0.99 | clip=z=4,0.15547003726794673,5.248276656281734,8.895339465457695,0.2527417206216781,0.5747291607738831,0.6288449769249912,-2.269341457749024,16.498123307611632,7.392349680801484,25.292329840712867,85.0,
linear_family,58178.0,huber,spearman_then_correlation,90.0,8.0,0.0,0.0,0.95,0.03,z=4,none,none,0_100,10.0,,1.1,,True,500000.0,0.0001,330.0,0.0,330.0,330.0,3.4840723094833597,0.14584808006554184,3.322445328283933,3.605863863361793,5.434196593581887,0.1714473790109556,5.256770321987641,5.598963278808672,0.40002728102500146,0.025020091207072322,0.3799372112381556,0.4280527715850633,0.6529144136306568,0.023539363544674202,0.6310421166428994,0.6778256687233362,0.6534519391844616,0.02230480909970589,0.6277485406185694,0.6677199666767191,-0.3527224117397256,0.08284200026353056,-0.44559155615822876,-0.28643113993325486,15.93296442221991,0.13915749288737367,15.829006948020474,16.091053670086726,4.512861515291913,0.4785358988920394,4.1333937441844455,5.050445605023336,26.532543441567167,0.40850931736339885,26.08656938129601,26.88861020549664,71.0,0.0,71.0,71.0,3.62477713908461,0.44108060937877785,3.355539035288507,4.133809380611663,4.993127907515574,0.7209903160566687,4.330122221732608,5.760686516693996,0.3420409372423426,0.11343613515509068,0.23839183266921693,0.46322256631142233,0.5875049291737137,0.10499237282800238,0.49132822686027294,0.6995145584867578,0.569911664301383,0.10605044505521545,0.4933934742370012,0.6909682341644081,-0.11431573393926986,0.27782049133695913,-0.32640958992568236,0.2001691286923332,15.468829743463106,0.352193606842546,15.186391802340873,15.863449471248304,8.792985301416442,1.6147110401627522,6.996481483294442,10.123350930264593,23.323439914240648,1.4401083076918493,21.916381816959195,24.794466566160438,68.33333333333333,1.5275252316519452,67.0,70.0,0.0,0.0,False,False,0.0,0.0,0.0,0.0,1.0,0.0,1.0,1.0,3.0,"42,1051,2060",mae,3.62477713908461,0.44108060937877785,22.0,3.4840723094833597,0.14584808006554184,5.434196593581887,0.1714473790109556,0.40002728102500146,0.025020091207072322,3.62477713908461,0.44108060937877785,4.993127907515574,0.7209903160566687,0.3420409372423426,0.11343613515509068,0.5875049291737137,0.10499237282800238,0.569911664301383,0.10605044505521545,68.33333333333333,1.5275252316519452,alpha=10,epsilon=1.1,top_k=90,corr=0.95,"alpha=10, epsilon=1.1","top_k=90, corr=0.95, min_features=8",spearman_then_correlation_90_corr0.95,Huber alpha=10 eps=1.1 | spearman_then_correlation_90_corr0.95 | clip=z=4,0.1407048296012503,5.254633992774045,8.923559999200272,0.24799283418842466,0.5690478696951387,0.6229260808911142,-2.247858984252546,16.519605781108115,7.298253460633266,25.159621083427183,69.0,
linear_family,59848.0,huber,spearman_then_correlation,90.0,8.0,0.0,0.0,0.99,0.03,z=5,none,none,0_100,10.0,,1.1,,True,500000.0,0.0001,330.0,0.0,330.0,330.0,3.463755667724057,0.1451462289072723,3.300918648864435,3.579532680216219,5.41024519318157,0.1606306562740492,5.249401736863315,5.570662200293458,0.40534174701312936,0.021650020485045683,0.3881482448596322,0.4296550816809821,0.6574696402387201,0.02092553315611974,0.6386288505585829,0.679991425121051,0.6568898846330632,0.02207076865934115,0.6314672593577755,0.6711460022093264,-0.36673546812703,0.09621910388226962,-0.46854301101071716,-0.2773020443263,15.918951365832607,0.15934983942060518,15.8007901381041,16.100182765693685,3.926709831475886,0.12032575165748387,3.8140647312109266,4.053470989996532,25.766363161275645,0.007802372791715121,25.75753256732636,25.77232522231053,71.0,0.0,71.0,71.0,3.6250730598546412,0.44133591093359326,3.3402877592853346,4.133458040269752,5.010269952074489,0.7136015255067238,4.36878064007068,5.778893759348456,0.33679322349597873,0.11734157514585385,0.2335699426496437,0.46441644840597984,0.5830594130856218,0.10706021189049507,0.48792615013140334,0.6989936953911773,0.5757244107345297,0.10538700897033952,0.4986418058406097,0.6958140159031913,-0.13494629291328716,0.3410408422655114,-0.4168157862270859,0.24415026354408423,15.448199184489091,0.3038646627977828,15.170925186868477,15.773043274946906,8.614326584270046,1.5177224943785672,6.924969251915456,9.862781701788352,23.288631945351337,1.4774499819601588,21.749800934180534,24.695901500456188,85.0,0.0,85.0,85.0,0.0,0.0,False,False,0.0,0.0,0.0,0.0,1.0,0.0,1.0,1.0,3.0,"42,1051,2060",mae,3.6250730598546412,0.44133591093359326,23.0,3.463755667724057,0.1451462289072723,5.41024519318157,0.1606306562740492,0.40534174701312936,0.021650020485045683,3.6250730598546412,0.44133591093359326,5.010269952074489,0.7136015255067238,0.33679322349597873,0.11734157514585385,0.5830594130856218,0.10706021189049507,0.5757244107345297,0.10538700897033952,85.0,0.0,alpha=10,epsilon=1.1,top_k=90,corr=0.99,"alpha=10, epsilon=1.1","top_k=90, corr=0.99, min_features=8",spearman_then_correlation_90_corr0.99,Huber alpha=10 eps=1.1 | spearman_then_correlation_90_corr0.99 | clip=z=5,0.16131739213058438,5.247119214652174,8.810700995818008,0.26689427842691915,0.5878401938741644,0.6157999312752567,-2.213154529072851,16.554310236287805,7.342882621349988,25.72752613342132,85.0,
linear_family,59853.0,huber,spearman_then_correlation,90.0,8.0,0.0,0.0,0.99,0.03,z=4,linear,none,0_100,10.0,,1.15,,True,500000.0,0.0001,330.0,0.0,330.0,330.0,3.495411251382166,0.1502919803356665,3.3294985742948344,3.6224404505035444,5.368392076224926,0.16896997077652887,5.1822981498488385,5.512209492913696,0.41435896026898894,0.02816785787443814,0.38814893612667334,0.44414342656020356,0.6571799321875161,0.023758521809227738,0.6350463268857349,0.682284006504164,0.6596305466267564,0.019413263696193093,0.6374778495167758,0.6736764600325329,-0.009583962168010364,0.00938619912804532,-0.019173497050791587,-0.0004152548984716408,16.276102871791625,0.10728805500541182,16.154736232249697,16.358311312969196,4.431269657361605,0.2546086581699664,4.159540691170937,4.66433545482472,26.916295888896368,0.333430308443393,26.532305897405866,27.132571235030348,71.0,0.0,71.0,71.0,3.6257121577909026,0.4219995020869371,3.380681062842655,4.112992563280392,4.995729513664879,0.7126140107224929,4.333641046570191,5.749914237573464,0.3415194128781147,0.11045559518507024,0.24123752993179703,0.4599106032317274,0.5865444695701827,0.1028026622234616,0.491310872443087,0.6955315283898731,0.5769373314750951,0.09796863101743518,0.5079479529332702,0.689073516737133,0.20385653052520794,0.28613764324362057,-0.06642060322244597,0.5035777638948663,15.787002007927585,0.29427123279124917,15.577510973828538,16.123438457951547,8.963224241462507,1.4637285754666032,7.317888772892047,10.120787092964322,23.99103072842804,1.0150007951640714,22.906825970547516,24.918621948225756,85.0,0.0,85.0,85.0,1.0,0.0,True,True,-0.2078062864673609,0.14976674434262532,-0.3270910733835015,-0.03972758719445989,1.0361432954802365,0.013734216717539815,1.0211388239128139,1.0480927869999221,3.0,"42,1051,2060",mae,3.6257121577909026,0.4219995020869371,24.0,3.495411251382166,0.1502919803356665,5.368392076224926,0.16896997077652887,0.41435896026898894,0.02816785787443814,3.6257121577909026,0.4219995020869371,4.995729513664879,0.7126140107224929,0.3415194128781147,0.11045559518507024,0.5865444695701827,0.1028026622234616,0.5769373314750951,0.09796863101743518,85.0,0.0,alpha=10,epsilon=1.15,top_k=90,corr=0.99,"alpha=10, epsilon=1.15","top_k=90, corr=0.99, min_features=8",spearman_then_correlation_90_corr0.99,Huber alpha=10 eps=1.15 | spearman_then_correlation_90_corr0.99 | clip=z=4 | cal=linear,0.1303009064087366,5.288427000018489,8.79218246007977,0.2699727570380219,0.5657564660804058,0.6119434267772631,-1.957716958187082,16.809747807173583,6.692148107232791,26.609960031784503,85.0,
linear_family,11541.0,huber,top_spearman,90.0,8.0,0.0,0.0,0.95,0.03,z=4,linear,none,0_100,30.0,,1.2,,True,500000.0,0.0001,330.0,0.0,330.0,330.0,3.580361818183741,0.13041281533369703,3.4343654374506416,3.6853177151777667,5.374541435079454,0.16078621388947187,5.193746550315744,5.501505444286329,0.412964628171773,0.028773326585256824,0.3841384284144338,0.44168478849081017,0.6491225338999441,0.02312218300118961,0.6262941733828158,0.6725277447153668,0.6496261440413656,0.019099276967303565,0.6276906052078701,0.6625703958731444,-0.020450515090873513,0.03346344220576341,-0.058807172440187204,0.0027746755778440243,16.265236318868762,0.11521399519229009,16.14983243873789,16.38025948559783,4.025115429985123,0.8214407049472138,3.2205250144781212,4.862428487027453,27.484361744053555,1.0872184941818936,26.229449879676835,28.142496880534967,71.0,0.0,71.0,71.0,3.6257755734813397,0.39101360979060873,3.3712302432937546,4.075998156056547,4.957309396729367,0.6443275620378353,4.403803388687128,5.66462172476691,0.34888262013013743,0.11659715506994875,0.26358108515743206,0.48174221572594356,0.5951200317384763,0.10343329591769446,0.5144486746045969,0.7117285482494109,0.5779825044433858,0.09394808891245865,0.5084677557438513,0.6848648966110619,0.13946295037844186,0.39645225934708095,-0.2147914864567261,0.5676922186250817,15.72260842778082,0.25324407218628603,15.468586661892305,15.975067574717263,9.086898451418545,1.1358675058515983,7.9886083170189615,10.25694131726151,24.784884677206453,1.5041846632120215,23.20930501375797,26.20570929797308,90.0,0.0,90.0,90.0,1.0,0.0,True,True,-2.324054159523723,0.16928221848540287,-2.4608975796763186,-2.134752847090184,1.1691540685060264,0.011927857724367453,1.1557850259442524,1.1787065708936948,3.0,"42,1051,2060",mae,3.6257755734813397,0.39101360979060873,25.0,3.580361818183741,0.13041281533369703,5.374541435079454,0.16078621388947187,0.412964628171773,0.028773326585256824,3.6257755734813397,0.39101360979060873,4.957309396729367,0.6443275620378353,0.34888262013013743,0.11659715506994875,0.5951200317384763,0.10343329591769446,0.5779825044433858,0.09394808891245865,90.0,0.0,alpha=30,epsilon=1.2,top_k=90,min_features=8,"alpha=30, epsilon=1.2","top_k=90, min_features=8",top_spearman_90,Huber alpha=30 eps=1.2 | top_spearman_90 | clip=z=4 | cal=linear,0.04541375529759861,5.346062197176309,8.734810843133415,0.2794689644930308,0.5704989883543876,0.5895253984563184,-1.8236739045770007,16.94379086078365,7.310668450448154,27.174278817805767,90.0,
dummy,,dummy_last,none,,,,,,,none,none,none,none,,,,,,,,330.0,0.0,,,4.855868642527647,0.11156359211270528,,,7.271147927018345,0.14649849458609374,,,-0.0739758607577478,0.009101998257281342,,,,,,,,,,,-1.9056867195187195,0.11611832126903157,,,14.380000114440918,0.0,,,14.380000114440918,0.0,,,14.380000114440918,0.0,,,71.0,0.0,,,4.643990565913384,0.518535005594264,,,6.309677110644999,0.8188897825055116,,,-0.04214228559877172,0.03105448967885276,,,,,,,,,,,-1.2031453629614601,0.5397048735039496,,,14.380000114440918,0.0,,,14.380000114440918,0.0,,,14.380000114440918,0.0,,,,,,,,,,,,,,,,,,,,,mae,4.643990565913384,0.518535005594264,,4.855868642527647,0.11156359211270528,7.271147927018345,0.14649849458609374,-0.0739758607577478,0.009101998257281342,4.643990565913384,0.518535005594264,6.309677110644999,0.8188897825055116,-0.04214228559877172,0.03105448967885276,,,,,,,,,,,,,,,,6.68915483313547,11.186585366871663,-0.1817912365608263,,,-4.38746465091974,14.380000114440918,14.380000114440918,14.380000114440918,,14.380000114440918
dummy,,dummy_median,none,,,,,,,none,none,none,none,,,,,,,,330.0,0.0,,,4.731585828732963,0.11190285175546197,,,7.043527225532746,0.14053829931286813,,,-0.007769973244126242,0.0021949923028075588,,,,,,,,,,,-0.614020211797772,0.07892812065180689,,,15.671666622161865,0.1939287942368653,,,15.671666622161865,0.1939287942368653,,,15.671666622161865,0.1939287942368653,,,71.0,0.0,,,4.665328623543323,0.5197016505168731,,,6.208988969759857,0.8048856675188814,,,-0.00887227885107215,0.0040984628243485215,,,,,,,,,,,0.0885211447594871,0.7330785417618833,,,15.671666622161865,0.1939287942368653,,,15.671666622161865,0.1939287942368653,,,15.671666622161865,0.1939287942368653,,,,,,,,,,,,,,,,,,,,,mae,4.665328623543323,0.5197016505168731,,4.731585828732963,0.11190285175546197,7.043527225532746,0.14053829931286813,-0.007769973244126242,0.0021949923028075588,4.665328623543323,0.5197016505168731,6.208988969759857,0.8048856675188814,-0.00887227885107215,0.0040984628243485215,,,,,,,,,,,,,,,,6.326337995663495,10.772640262443613,-0.09594812430358046,,,-3.1874648416546028,15.579999923706055,15.579999923706055,15.579999923706055,,15.579999923706055
dummy,,dummy_mean,none,,,,,,,none,none,none,none,,,,,,,,330.0,0.0,,,4.768108805834324,0.11280157114090825,,,7.016375041228776,0.14361657656496843,,,0.0,0.0,,,,,,,,,,,1.4928574650313217e-15,3.9780076582965047e-16,,,16.285686833959637,0.11611832126902943,,,16.28568683395964,0.116118321269033,,,16.28568683395964,0.116118321269033,,,71.0,0.0,,,4.734004081140356,0.4920403735876345,,,6.244268713451809,0.7810965307202452,,,-0.02136479925514297,0.01853553742109732,,,,,,,,,,,0.7025413565572602,0.655823194772981,,,16.28568683395964,0.11611832126902703,,,16.28568683395964,0.116118321269033,,,16.28568683395964,0.116118321269033,,,,,,,,,,,,,,,,,,,,,mae,4.734004081140356,0.4920403735876345,,4.768108805834324,0.11280157114090825,7.016375041228776,0.14361657656496843,0.0,0.0,4.734004081140356,0.4920403735876345,6.244268713451809,0.7810965307202452,-0.02136479925514297,0.01853553742109732,,,,,,,,,,,,,,,,6.198213244396266,10.615175834432783,-0.06414318405761232,,,-2.606168046901182,16.161296718459475,16.161296718459475,16.161296718459475,,16.161296718459475
